{
  "schema": "1.0",
  "comment": "This file maps proto services/RPCs to the corresponding library clients/methods.",
  "language": "go",
  "protoPackage": "google.spanner.admin.database.v1",
  "libraryPackage": "cloud.google.com/go/spanner/admin/database/apiv1",
  "services": {
    "DatabaseAdmin": {
      "clients": {
        "grpc": {
          "libraryClient": "DatabaseAdminClient",
          "rpcs": {
            "CreateBackup": {
              "methods": [
                "CreateBackup"
              ]
            },
            "CreateDatabase": {
              "methods": [
                "CreateDatabase"
              ]
            },
            "DeleteBackup": {
              "methods": [
                "DeleteBackup"
              ]
            },
            "DropDatabase": {
              "methods": [
                "DropDatabase"
              ]
            },
            "GetBackup": {
              "methods": [
                "GetBackup"
              ]
            },
            "GetDatabase": {
              "methods": [
                "GetDatabase"
              ]
            },
            "GetDatabaseDdl": {
              "methods": [
                "GetDatabaseDdl"
              ]
            },
            "GetIamPolicy": {
              "methods": [
                "GetIamPolicy"
              ]
            },
            "ListBackupOperations": {
              "methods": [
                "ListBackupOperations"
              ]
            },
            "ListBackups": {
              "methods": [
                "ListBackups"
              ]
            },
            "ListDatabaseOperations": {
              "methods": [
                "ListDatabaseOperations"
              ]
            },
            "ListDatabases": {
              "methods": [
                "ListDatabases"
              ]
            },
            "RestoreDatabase": {
              "methods": [
                "RestoreDatabase"
              ]
            },
            "SetIamPolicy": {
              "methods": [
                "SetIamPolicy"
              ]
            },
            "TestIamPermissions": {
              "methods": [
                "TestIamPermissions"
              ]
            },
            "UpdateBackup": {
              "methods": [
                "UpdateBackup"
              ]
            },
            "UpdateDatabaseDdl": {
              "methods": [
                "UpdateDatabaseDdl"
              ]
            }
          }
        }
      }
    }
  }
}
