10,6,1,2146,25,1,0,0,1,1,0,1,0,0
10,6,2,2147,25,1,0,0,1,1,0,1,0,0
10,6,3,2148,25,1,0,0,1,1,0,1,0,0
10,6,4,2149,25,1,0,0,1,1,0,1,0,0
10,6,5,2150,25,1,0,0,1,1,0,1,0,0
10,6,6,2151,25,1,0,0,1,1,0,1,0,0
10,6,7,2152,25,1,0,0,1,1,0,1,0,0
10,6,8,2153,25,1,0,0,1,1,0,1,0,0
10,6,9,2154,25,1,0,0,1,1,0,1,0,0
10,6,10,2155,25,1,0,0,1,1,0,1,0,0
10,6,11,4398,25,1,0,0,1,1,0,1,0,0
10,6,12,12460,25,1,0,0,1,1,0,1,0,0
10,6,13,12461,25,1,0,0,1,1,0,1,0,0
10,6,14,12462,25,1,0,0,1,1,0,1,0,0
10,6,15,12463,25,1,0,0,1,1,0,1,0,0
10,6,16,12464,25,1,0,0,1,1,0,1,0,0
10,6,17,12465,25,1,0,0,1,1,0,1,0,0
10,6,18,12466,25,1,0,0,1,1,0,1,0,0
10,6,19,12467,25,1,0,0,1,1,0,1,0,0
10,6,20,12468,25,1,0,0,1,1,0,1,0,0
10,6,21,12469,25,1,0,0,1,1,0,1,0,0
10,6,22,15109,1000,1,0,0,1,1,0,1,0,0
10,6,23,15110,1000,1,0,0,1,1,0,1,0,0
10,6,24,2158,200,100,0,0,1,1,0,1,0,0
10,6,25,12306,2,1,0,0,1,1,0,1,80,0
10,6,26,12306,20000,10000,0,0,1,1,0,1,80,0
10,4,27,11664,20000,1,0,0,1,1,0,1,0,0
10,4,28,11665,20000,1,0,0,1,1,0,1,0,0
10,4,29,11666,20000,1,0,0,1,1,0,1,0,0
10,4,30,11667,20000,1,0,0,1,1,0,1,0,0
10,4,31,11668,20000,1,0,0,1,1,0,1,0,0
10,4,32,11669,20000,1,0,0,1,1,0,1,0,0
10,4,33,11670,20000,1,0,0,1,1,0,1,0,0
10,4,34,11671,20000,1,0,0,1,1,0,1,0,0
10,4,35,11672,20000,1,0,0,1,1,0,1,0,0
10,4,36,11673,20000,1,0,0,1,1,0,1,0,0
10,4,37,11674,20000,1,0,0,1,1,0,1,0,0
10,4,38,11675,20000,1,0,0,1,1,0,1,0,0
10,4,39,11676,20000,1,0,0,1,1,0,1,0,0
10,4,40,11677,20000,1,0,0,1,1,0,1,0,0
10,4,41,11678,20000,1,0,0,1,1,0,1,0,0
10,4,42,11679,20000,1,0,0,1,1,0,1,0,0
10,4,43,11680,20000,1,0,0,1,1,0,1,0,0
10,4,44,11681,20000,1,0,0,1,1,0,1,0,0
10,4,45,11682,20000,1,0,0,1,1,0,1,0,0
10,4,46,11683,20000,1,0,0,1,1,0,1,0,0
10,4,47,11684,20000,1,0,0,1,1,0,1,0,0
10,4,48,11685,20000,1,0,0,1,1,0,1,0,0
10,4,49,11686,20000,1,0,0,1,1,0,1,0,0
10,4,50,11687,20000,1,0,0,1,1,0,1,0,0
10,4,51,11688,20000,1,0,0,1,1,0,1,0,0
10,4,52,11689,20000,1,0,0,1,1,0,1,0,0
10,4,53,11690,20000,1,0,0,1,1,0,1,0,0
10,4,54,11691,20000,1,0,0,1,1,0,1,0,0
10,4,55,11692,20000,1,0,0,1,1,0,1,0,0
10,4,56,11693,20000,1,0,0,1,1,0,1,0,0
10,4,57,11694,20000,1,0,0,1,1,0,1,0,0
10,4,58,11695,20000,1,0,0,1,1,0,1,0,0
10,4,59,11696,20000,1,0,0,1,1,0,1,0,0
10,4,60,11697,20000,1,0,0,1,1,0,1,0,0
10,4,61,12893,20000,1,0,0,1,1,0,1,0,0
10,4,62,12894,20000,1,0,0,1,1,0,1,0,0
10,4,63,12895,20000,1,0,0,1,1,0,1,0,0
10,4,64,12896,20000,1,0,0,1,1,0,1,0,0
10,4,65,12897,20000,1,0,0,1,1,0,1,0,0
10,4,66,12898,20000,1,0,0,1,1,0,1,0,0
10,4,67,12899,20000,1,0,0,1,1,0,1,0,0
10,4,68,14337,20000,1,0,0,1,1,0,1,0,0
10,4,69,14338,20000,1,0,0,1,1,0,1,0,0
10,4,70,14339,20000,1,0,0,1,1,0,1,0,0
10,4,71,14340,20000,1,0,0,1,1,0,1,0,0
10,4,72,14341,20000,1,0,0,1,1,0,1,0,0
10,4,73,14342,20000,1,0,0,1,1,0,1,0,0
10,4,74,14343,20000,1,0,0,1,1,0,1,0,0
10,4,75,14344,20000,1,0,0,1,1,0,1,0,0
10,4,76,14345,20000,1,0,0,1,1,0,1,0,0
10,4,77,9254,10000,1,0,0,1,1,0,1,0,0
10,4,78,9255,10000,1,0,0,1,1,0,1,0,0
10,4,79,9256,10000,1,0,0,1,1,0,1,0,0
10,4,80,9257,10000,1,0,0,1,1,0,1,0,0
10,4,81,9258,10000,1,0,0,1,1,0,1,0,0
10,4,82,9259,10000,1,0,0,1,1,0,1,0,0
10,4,83,9260,10000,1,0,0,1,1,0,1,0,0
10,4,84,9261,10000,1,0,0,1,1,0,1,0,0
10,4,85,9262,10000,1,0,0,1,1,0,1,0,0
10,4,86,9263,10000,1,0,0,1,1,0,1,0,0
10,4,87,9264,10000,1,0,0,1,1,0,1,0,0
10,4,88,9265,10000,1,0,0,1,1,0,1,0,0
10,4,89,9266,10000,1,0,0,1,1,0,1,0,0
10,4,90,9267,10000,1,0,0,1,1,0,1,0,0
10,4,91,9268,10000,1,0,0,1,1,0,1,0,0
10,4,92,9269,10000,1,0,0,1,1,0,1,0,0
10,4,93,9270,10000,1,0,0,1,1,0,1,0,0
10,4,94,9271,10000,1,0,0,1,1,0,1,0,0
10,4,95,9272,10000,1,0,0,1,1,0,1,0,0
10,4,96,9273,10000,1,0,0,1,1,0,1,0,0
10,4,97,9274,10000,1,0,0,1,1,0,1,0,0
10,4,98,9275,10000,1,0,0,1,1,0,1,0,0
10,4,99,9276,10000,1,0,0,1,1,0,1,0,0
10,4,100,9277,10000,1,0,0,1,1,0,1,0,0
10,4,101,9278,10000,1,0,0,1,1,0,1,0,0
10,4,102,9279,10000,1,0,0,1,1,0,1,0,0
10,4,103,9280,10000,1,0,0,1,1,0,1,0,0
10,4,104,9281,10000,1,0,0,1,1,0,1,0,0
10,4,105,9282,10000,1,0,0,1,1,0,1,0,0
10,4,106,9283,10000,1,0,0,1,1,0,1,0,0
10,4,107,9284,10000,1,0,0,1,1,0,1,0,0
10,4,108,9285,10000,1,0,0,1,1,0,1,0,0
10,4,109,9286,10000,1,0,0,1,1,0,1,0,0
10,4,110,9287,10000,1,0,0,1,1,0,1,0,0
10,4,111,9288,10000,1,0,0,1,1,0,1,0,0
10,4,112,9289,10000,1,0,0,1,1,0,1,0,0
10,4,113,9290,10000,1,0,0,1,1,0,1,0,0
10,4,114,9291,10000,1,0,0,1,1,0,1,0,0
10,4,115,9292,10000,1,0,0,1,1,0,1,0,0
10,4,116,9293,10000,1,0,0,1,1,0,1,0,0
10,4,117,9294,10000,1,0,0,1,1,0,1,0,0
10,4,118,9295,10000,1,0,0,1,1,0,1,0,0
10,4,119,9296,10000,1,0,0,1,1,0,1,0,0
10,4,120,9297,10000,1,0,0,1,1,0,1,0,0
10,4,121,9298,10000,1,0,0,1,1,0,1,0,0
10,4,122,9299,10000,1,0,0,1,1,0,1,0,0
10,4,123,9300,10000,1,0,0,1,1,0,1,0,0
10,4,124,9301,10000,1,0,0,1,1,0,1,0,0
10,4,125,13196,10000,1,0,0,1,1,0,1,0,0
10,4,126,13197,10000,1,0,0,1,1,0,1,0,0
10,4,127,13198,10000,1,0,0,1,1,0,1,0,0
10,4,128,13199,10000,1,0,0,1,1,0,1,0,0
10,4,129,15542,10000,1,0,0,1,1,0,1,0,0
10,4,130,15543,10000,1,0,0,1,1,0,1,0,0
10,4,131,15544,10000,1,0,0,1,1,0,1,0,0
10,4,132,15545,10000,1,0,0,1,1,0,1,0,0
10,4,133,13640,20000,1,0,0,1,1,0,1,0,0
10,4,134,13641,20000,1,0,0,1,1,0,1,0,0
10,4,135,13642,20000,1,0,0,1,1,0,1,0,0
10,4,136,13643,20000,1,0,0,1,1,0,1,0,0
10,4,137,13644,20000,1,0,0,1,1,0,1,0,0
10,4,138,13645,20000,1,0,0,1,1,0,1,0,0
10,4,139,13646,20000,1,0,0,1,1,0,1,0,0
10,4,140,13647,20000,1,0,0,1,1,0,1,0,0
10,4,141,13648,20000,1,0,0,1,1,0,1,0,0
10,4,142,13649,20000,1,0,0,1,1,0,1,0,0
10,4,143,13650,20000,1,0,0,1,1,0,1,0,0
10,4,144,13651,20000,1,0,0,1,1,0,1,0,0
10,4,145,13652,20000,1,0,0,1,1,0,1,0,0
10,4,146,13653,20000,1,0,0,1,1,0,1,0,0
10,4,147,13654,20000,1,0,0,1,1,0,1,0,0
10,4,148,13655,20000,1,0,0,1,1,0,1,0,0
10,4,149,13656,20000,1,0,0,1,1,0,1,0,0
10,4,150,13657,20000,1,0,0,1,1,0,1,0,0
10,4,151,13658,20000,1,0,0,1,1,0,1,0,0
10,4,152,13659,20000,1,0,0,1,1,0,1,0,0
10,4,153,13660,20000,1,0,0,1,1,0,1,0,0
10,4,154,13661,20000,1,0,0,1,1,0,1,0,0
10,4,155,13662,20000,1,0,0,1,1,0,1,0,0
10,4,156,13663,20000,1,0,0,1,1,0,1,0,0
10,4,157,13664,20000,1,0,0,1,1,0,1,0,0
10,4,158,13665,20000,1,0,0,1,1,0,1,0,0
10,4,159,13666,20000,1,0,0,1,1,0,1,0,0
10,4,160,13667,20000,1,0,0,1,1,0,1,0,0
10,4,161,13668,20000,1,0,0,1,1,0,1,0,0
10,4,162,13669,20000,1,0,0,1,1,0,1,0,0
10,4,163,13670,20000,1,0,0,1,1,0,1,0,0
10,4,164,13671,20000,1,0,0,1,1,0,1,0,0
10,4,165,13672,20000,1,0,0,1,1,0,1,0,0
10,4,166,13673,20000,1,0,0,1,1,0,1,0,0
10,4,167,13674,20000,1,0,0,1,1,0,1,0,0
10,4,168,13675,20000,1,0,0,1,1,0,1,0,0
10,4,169,13676,20000,1,0,0,1,1,0,1,0,0
10,4,170,13677,20000,1,0,0,1,1,0,1,0,0
10,4,171,13678,20000,1,0,0,1,1,0,1,0,0
10,4,172,13679,20000,1,0,0,1,1,0,1,0,0
10,4,173,13680,20000,1,0,0,1,1,0,1,0,0
10,4,174,13681,20000,1,0,0,1,1,0,1,0,0
10,4,175,13682,20000,1,0,0,1,1,0,1,0,0
10,4,176,13683,20000,1,0,0,1,1,0,1,0,0
10,4,177,13684,20000,1,0,0,1,1,0,1,0,0
10,4,178,13685,20000,1,0,0,1,1,0,1,0,0
10,4,179,13686,20000,1,0,0,1,1,0,1,0,0
10,4,180,13687,20000,1,0,0,1,1,0,1,0,0
10,4,181,13688,20000,1,0,0,1,1,0,1,0,0
10,4,182,13689,20000,1,0,0,1,1,0,1,0,0
10,4,183,13690,20000,1,0,0,1,1,0,1,0,0
10,4,184,13691,20000,1,0,0,1,1,0,1,0,0
10,4,185,15546,20000,1,0,0,1,1,0,1,0,0
10,4,186,15547,20000,1,0,0,1,1,0,1,0,0
10,4,187,15548,20000,1,0,0,1,1,0,1,0,0
10,4,188,15549,20000,1,0,0,1,1,0,1,0,0
10,4,189,16162,35000,1,0,0,1,1,0,1,0,0
10,4,190,16163,35000,1,0,0,1,1,0,1,0,0
10,4,191,16164,35000,1,0,0,1,1,0,1,0,0
10,4,192,16165,35000,1,0,0,1,1,0,1,0,0
10,4,193,16166,35000,1,0,0,1,1,0,1,0,0
10,4,194,16167,35000,1,0,0,1,1,0,1,0,0
10,4,195,16168,35000,1,0,0,1,1,0,1,0,0
10,4,196,16169,35000,1,0,0,1,1,0,1,0,0
10,4,197,16172,35000,1,0,0,1,1,0,1,0,0
10,4,198,16173,35000,1,0,0,1,1,0,1,0,0
10,4,199,16174,35000,1,0,0,1,1,0,1,0,0
10,4,200,16175,35000,1,0,0,1,1,0,1,0,0
10,4,201,16176,35000,1,0,0,1,1,0,1,0,0
10,4,202,16177,35000,1,0,0,1,1,0,1,0,0
10,4,203,16178,35000,1,0,0,1,1,0,1,0,0
10,4,204,16179,35000,1,0,0,1,1,0,1,0,0
10,4,205,16182,35000,1,0,0,1,1,0,1,0,0
10,4,206,16183,35000,1,0,0,1,1,0,1,0,0
10,4,207,16184,35000,1,0,0,1,1,0,1,0,0
10,4,208,16185,35000,1,0,0,1,1,0,1,0,0
10,4,209,16186,35000,1,0,0,1,1,0,1,0,0
10,4,210,16187,35000,1,0,0,1,1,0,1,0,0
10,4,211,16188,35000,1,0,0,1,1,0,1,0,0
10,4,212,16189,35000,1,0,0,1,1,0,1,0,0
10,4,213,16192,35000,1,0,0,1,1,0,1,0,0
10,4,214,16193,35000,1,0,0,1,1,0,1,0,0
10,4,215,16194,35000,1,0,0,1,1,0,1,0,0
10,4,216,16195,35000,1,0,0,1,1,0,1,0,0
10,4,217,16196,35000,1,0,0,1,1,0,1,0,0
10,4,218,16197,35000,1,0,0,1,1,0,1,0,0
10,4,219,16198,35000,1,0,0,1,1,0,1,0,0
10,4,220,16199,35000,1,0,0,1,1,0,1,0,0
10,4,221,16202,35000,1,0,0,1,1,0,1,0,0
10,4,222,16203,35000,1,0,0,1,1,0,1,0,0
10,4,223,16204,35000,1,0,0,1,1,0,1,0,0
10,4,224,16205,35000,1,0,0,1,1,0,1,0,0
10,4,225,16206,35000,1,0,0,1,1,0,1,0,0
10,4,226,16207,35000,1,0,0,1,1,0,1,0,0
10,4,227,16208,35000,1,0,0,1,1,0,1,0,0
10,4,228,16209,35000,1,0,0,1,1,0,1,0,0
10,4,229,16212,35000,1,0,0,1,1,0,1,0,0
10,4,230,16213,35000,1,0,0,1,1,0,1,0,0
10,4,231,16214,35000,1,0,0,1,1,0,1,0,0
10,4,232,16215,35000,1,0,0,1,1,0,1,0,0
10,4,233,16216,35000,1,0,0,1,1,0,1,0,0
10,4,234,16217,35000,1,0,0,1,1,0,1,0,0
10,4,235,16218,35000,1,0,0,1,1,0,1,0,0
10,4,236,16219,35000,1,0,0,1,1,0,1,0,0
10,4,237,16222,35000,1,0,0,1,1,0,1,0,0
10,4,238,16223,35000,1,0,0,1,1,0,1,0,0
10,4,239,16224,35000,1,0,0,1,1,0,1,0,0
10,4,240,16225,35000,1,0,0,1,1,0,1,0,0
10,4,241,16226,35000,1,0,0,1,1,0,1,0,0
10,4,242,16227,35000,1,0,0,1,1,0,1,0,0
10,4,243,16228,35000,1,0,0,1,1,0,1,0,0
10,4,244,16229,35000,1,0,0,1,1,0,1,0,0
10,4,245,16232,35000,1,0,0,1,1,0,1,0,0
10,4,246,16233,35000,1,0,0,1,1,0,1,0,0
10,4,247,16234,35000,1,0,0,1,1,0,1,0,0
10,4,248,16235,35000,1,0,0,1,1,0,1,0,0
10,4,249,16236,35000,1,0,0,1,1,0,1,0,0
10,4,250,16237,35000,1,0,0,1,1,0,1,0,0
10,4,251,16238,35000,1,0,0,1,1,0,1,0,0
10,4,252,16239,35000,1,0,0,1,1,0,1,0,0
10,4,253,16242,35000,1,0,0,1,1,0,1,0,0
10,4,254,16243,35000,1,0,0,1,1,0,1,0,0
10,4,255,16244,35000,1,0,0,1,1,0,1,0,0
10,4,256,16245,35000,1,0,0,1,1,0,1,0,0
10,4,257,16246,35000,1,0,0,1,1,0,1,0,0
10,4,258,16247,35000,1,0,0,1,1,0,1,0,0
10,4,259,16248,35000,1,0,0,1,1,0,1,0,0
10,4,260,16249,35000,1,0,0,1,1,0,1,0,0
10,4,261,16252,35000,1,0,0,1,1,0,1,0,0
10,4,262,16253,35000,1,0,0,1,1,0,1,0,0
10,4,263,16254,35000,1,0,0,1,1,0,1,0,0
10,4,264,16255,35000,1,0,0,1,1,0,1,0,0
10,4,265,16256,35000,1,0,0,1,1,0,1,0,0
10,4,266,16257,35000,1,0,0,1,1,0,1,0,0
10,4,267,16258,35000,1,0,0,1,1,0,1,0,0
10,4,268,16259,35000,1,0,0,1,1,0,1,0,0
10,4,269,16262,35000,1,0,0,1,1,0,1,0,0
10,4,270,16263,35000,1,0,0,1,1,0,1,0,0
10,4,271,16264,35000,1,0,0,1,1,0,1,0,0
10,4,272,16265,35000,1,0,0,1,1,0,1,0,0
10,4,273,16266,35000,1,0,0,1,1,0,1,0,0
10,4,274,16267,35000,1,0,0,1,1,0,1,0,0
10,4,275,16268,35000,1,0,0,1,1,0,1,0,0
10,4,276,16269,35000,1,0,0,1,1,0,1,0,0
10,4,277,16272,35000,1,0,0,1,1,0,1,0,0
10,4,278,16273,35000,1,0,0,1,1,0,1,0,0
10,4,279,16274,35000,1,0,0,1,1,0,1,0,0
10,4,280,16275,35000,1,0,0,1,1,0,1,0,0
10,4,281,16276,35000,1,0,0,1,1,0,1,0,0
10,4,282,16277,35000,1,0,0,1,1,0,1,0,0
10,4,283,16278,35000,1,0,0,1,1,0,1,0,0
10,4,284,16279,35000,1,0,0,1,1,0,1,0,0
10,4,285,16282,35000,1,0,0,1,1,0,1,0,0
10,4,286,16283,35000,1,0,0,1,1,0,1,0,0
10,4,287,16284,35000,1,0,0,1,1,0,1,0,0
10,4,288,16285,35000,1,0,0,1,1,0,1,0,0
10,4,289,16286,35000,1,0,0,1,1,0,1,0,0
10,4,290,16287,35000,1,0,0,1,1,0,1,0,0
10,4,291,16288,35000,1,0,0,1,1,0,1,0,0
10,4,292,16289,35000,1,0,0,1,1,0,1,0,0
10,4,293,16292,35000,1,0,0,1,1,0,1,0,0
10,4,294,16293,35000,1,0,0,1,1,0,1,0,0
10,4,295,16294,35000,1,0,0,1,1,0,1,0,0
10,4,296,16295,35000,1,0,0,1,1,0,1,0,0
10,4,297,16296,35000,1,0,0,1,1,0,1,0,0
10,4,298,16297,35000,1,0,0,1,1,0,1,0,0
10,4,299,16298,35000,1,0,0,1,1,0,1,0,0
10,4,300,16299,35000,1,0,0,1,1,0,1,0,0
10,8,301,14136,15000,1,0,0,1,1,0,1,0,0
10,8,302,14137,15000,1,0,0,1,1,0,1,0,0
10,8,303,14138,15000,1,0,0,1,1,0,1,0,0
10,8,304,14139,15000,1,0,0,1,1,0,1,0,0
10,8,305,14140,15000,1,0,0,1,1,0,1,0,0
10,8,306,14141,15000,1,0,0,1,1,0,1,0,0
10,8,307,14142,15000,1,0,0,1,1,0,1,0,0
10,8,308,14143,15000,1,0,0,1,1,0,1,0,0
10,8,309,14144,15000,1,0,0,1,1,0,1,0,0
10,8,310,14145,15000,1,0,0,1,1,0,1,0,0
10,8,311,14454,30000,1,0,0,1,1,0,1,0,0
10,8,312,14455,30000,1,0,0,1,1,0,1,0,0
10,8,313,14456,30000,1,0,0,1,1,0,1,0,0
10,8,314,14457,30000,1,0,0,1,1,0,1,0,0
10,8,315,14458,30000,1,0,0,1,1,0,1,0,0
10,8,316,14459,30000,1,0,0,1,1,0,1,0,0
10,8,317,14460,30000,1,0,0,1,1,0,1,0,0
10,8,318,14461,30000,1,0,0,1,1,0,1,0,0
10,8,319,14462,30000,1,0,0,1,1,0,1,0,0
10,8,320,14463,30000,1,0,0,1,1,0,1,0,0
10,8,321,12724,50000,1,0,0,1,1,0,1,0,0
10,8,322,12725,50000,1,0,0,1,1,0,1,0,0
10,8,323,12726,50000,1,0,0,1,1,0,1,0,0
10,8,324,12727,50000,1,0,0,1,1,0,1,0,0
10,8,325,12728,50000,1,0,0,1,1,0,1,0,0
10,8,326,12729,50000,1,0,0,1,1,0,1,0,0
10,8,327,12730,50000,1,0,0,1,1,0,1,0,0
10,8,328,12731,50000,1,0,0,1,1,0,1,0,0
10,8,329,12732,50000,1,0,0,1,1,0,1,0,0
10,8,330,12733,50000,1,0,0,1,1,0,1,0,0
10,8,331,12734,50000,1,0,0,1,1,0,1,0,0
10,8,332,12735,50000,1,0,0,1,1,0,1,0,0
10,8,333,12736,50000,1,0,0,1,1,0,1,0,0
10,8,334,12737,50000,1,0,0,1,1,0,1,0,0
10,8,335,12738,50000,1,0,0,1,1,0,1,0,0
10,8,336,12739,50000,1,0,0,1,1,0,1,0,0
10,8,337,12740,50000,1,0,0,1,1,0,1,0,0
10,8,338,12741,50000,1,0,0,1,1,0,1,0,0
10,8,339,12742,50000,1,0,0,1,1,0,1,0,0
10,8,340,12743,50000,1,0,0,1,1,0,1,0,0
10,8,341,12744,50000,1,0,0,1,1,0,1,0,0
10,8,342,12745,50000,1,0,0,1,1,0,1,0,0
10,8,343,12746,50000,1,0,0,1,1,0,1,0,0
10,8,344,12747,50000,1,0,0,1,1,0,1,0,0
10,8,345,12748,50000,1,0,0,1,1,0,1,0,0
10,8,346,12749,50000,1,0,0,1,1,0,1,0,0
10,8,347,12750,50000,1,0,0,1,1,0,1,0,0
10,8,348,12751,50000,1,0,0,1,1,0,1,0,0
10,8,349,12752,50000,1,0,0,1,1,0,1,0,0
10,8,350,12753,50000,1,0,0,1,1,0,1,0,0
10,8,351,15070,50000,1,0,0,1,1,0,1,0,0
10,8,352,15071,50000,1,0,0,1,1,0,1,0,0
10,8,353,15072,50000,1,0,0,1,1,0,1,0,0
10,8,354,15073,50000,1,0,0,1,1,0,1,0,0
10,8,355,15074,50000,1,0,0,1,1,0,1,0,0
10,8,356,15075,50000,1,0,0,1,1,0,1,0,0
10,8,357,15076,50000,1,0,0,1,1,0,1,0,0
10,8,358,15077,50000,1,0,0,1,1,0,1,0,0
10,8,359,15078,50000,1,0,0,1,1,0,1,0,0
10,8,360,15079,50000,1,0,0,1,1,0,1,0,0
10,8,361,15567,20000,1,0,0,1,1,0,1,0,0
10,8,362,15568,20000,1,0,0,1,1,0,1,0,0
10,8,363,15569,20000,1,0,0,1,1,0,1,0,0
10,8,364,15570,20000,1,0,0,1,1,0,1,0,0
10,8,365,15571,20000,1,0,0,1,1,0,1,0,0
10,8,366,15572,20000,1,0,0,1,1,0,1,0,0
10,8,367,15573,20000,1,0,0,1,1,0,1,0,0
10,8,368,15574,20000,1,0,0,1,1,0,1,0,0
10,8,369,15575,20000,1,0,0,1,1,0,1,0,0
10,8,370,15576,20000,1,0,0,1,1,0,1,0,0
10,8,371,15577,20000,1,0,0,1,1,0,1,0,0
10,8,372,15578,20000,1,0,0,1,1,0,1,0,0
10,8,373,15579,20000,1,0,0,1,1,0,1,0,0
10,8,374,15580,20000,1,0,0,1,1,0,1,0,0
10,8,375,15581,20000,1,0,0,1,1,0,1,0,0
10,8,376,15582,20000,1,0,0,1,1,0,1,0,0
10,8,377,15583,20000,1,0,0,1,1,0,1,0,0
10,8,378,15584,20000,1,0,0,1,1,0,1,0,0
10,8,379,15585,20000,1,0,0,1,1,0,1,0,0
10,8,380,15586,20000,1,0,0,1,1,0,1,0,0
10,8,381,15587,20000,1,0,0,1,1,0,1,0,0
10,8,382,15588,20000,1,0,0,1,1,0,1,0,0
10,8,383,15589,20000,1,0,0,1,1,0,1,0,0
10,8,384,15590,20000,1,0,0,1,1,0,1,0,0
10,8,385,15591,20000,1,0,0,1,1,0,1,0,0
10,8,386,15592,20000,1,0,0,1,1,0,1,0,0
10,8,387,15593,20000,1,0,0,1,1,0,1,0,0
10,8,388,15594,20000,1,0,0,1,1,0,1,0,0
10,8,389,15595,20000,1,0,0,1,1,0,1,0,0
10,8,390,15596,20000,1,0,0,1,1,0,1,0,0
10,8,391,15597,20000,1,0,0,1,1,0,1,0,0
10,8,392,15598,20000,1,0,0,1,1,0,1,0,0
10,8,393,15599,20000,1,0,0,1,1,0,1,0,0
10,8,394,15600,20000,1,0,0,1,1,0,1,0,0
10,8,395,15601,20000,1,0,0,1,1,0,1,0,0
10,8,396,15602,20000,1,0,0,1,1,0,1,0,0
10,8,397,15603,20000,1,0,0,1,1,0,1,0,0
10,8,398,15604,20000,1,0,0,1,1,0,1,0,0
10,8,399,15605,20000,1,0,0,1,1,0,1,0,0
10,8,400,15606,20000,1,0,0,1,1,0,1,0,0
10,8,401,15607,20000,1,0,0,1,1,0,1,0,0
10,8,402,15608,20000,1,0,0,1,1,0,1,0,0
10,8,403,15609,20000,1,0,0,1,1,0,1,0,0
10,8,404,15610,20000,1,0,0,1,1,0,1,0,0
10,8,405,15611,20000,1,0,0,1,1,0,1,0,0
10,8,406,15612,20000,1,0,0,1,1,0,1,0,0
10,8,407,15613,20000,1,0,0,1,1,0,1,0,0
10,8,408,15614,20000,1,0,0,1,1,0,1,0,0
10,8,409,15615,20000,1,0,0,1,1,0,1,0,0
10,8,410,15616,20000,1,0,0,1,1,0,1,0,0
10,8,411,15617,20000,1,0,0,1,1,0,1,0,0
10,8,412,15618,20000,1,0,0,1,1,0,1,0,0
10,8,413,15619,20000,1,0,0,1,1,0,1,0,0
10,8,414,15620,20000,1,0,0,1,1,0,1,0,0
10,8,415,15621,20000,1,0,0,1,1,0,1,0,0
10,8,416,15622,20000,1,0,0,1,1,0,1,0,0
10,8,417,15623,20000,1,0,0,1,1,0,1,0,0
10,8,418,15624,20000,1,0,0,1,1,0,1,0,0
10,8,419,15625,20000,1,0,0,1,1,0,1,0,0
10,8,420,15626,20000,1,0,0,1,1,0,1,0,0
10,8,421,15627,20000,1,0,0,1,1,0,1,0,0
10,8,422,15628,20000,1,0,0,1,1,0,1,0,0
10,8,423,15629,20000,1,0,0,1,1,0,1,0,0
10,8,424,15630,20000,1,0,0,1,1,0,1,0,0
10,8,425,15631,20000,1,0,0,1,1,0,1,0,0
10,8,426,15632,20000,1,0,0,1,1,0,1,0,0
10,8,427,15633,20000,1,0,0,1,1,0,1,0,0
10,8,428,15634,20000,1,0,0,1,1,0,1,0,0
10,8,429,15635,20000,1,0,0,1,1,0,1,0,0
10,8,430,15636,20000,1,0,0,1,1,0,1,0,0
10,8,431,15637,20000,1,0,0,1,1,0,1,0,0
10,8,432,15638,20000,1,0,0,1,1,0,1,0,0
10,8,433,15639,20000,1,0,0,1,1,0,1,0,0
10,8,434,15640,20000,1,0,0,1,1,0,1,0,0
10,8,435,15641,20000,1,0,0,1,1,0,1,0,0
10,8,436,15642,20000,1,0,0,1,1,0,1,0,0
10,8,437,15643,20000,1,0,0,1,1,0,1,0,0
10,8,438,15644,20000,1,0,0,1,1,0,1,0,0
10,8,439,15645,20000,1,0,0,1,1,0,1,0,0
10,8,440,15646,20000,1,0,0,1,1,0,1,0,0
10,8,441,15647,20000,1,0,0,1,1,0,1,0,0
10,8,442,15648,20000,1,0,0,1,1,0,1,0,0
10,8,443,15649,20000,1,0,0,1,1,0,1,0,0
10,8,444,15650,20000,1,0,0,1,1,0,1,0,0
10,8,445,15651,20000,1,0,0,1,1,0,1,0,0
10,8,446,15652,20000,1,0,0,1,1,0,1,0,0
10,8,447,15653,20000,1,0,0,1,1,0,1,0,0
10,8,448,15654,20000,1,0,0,1,1,0,1,0,0
10,8,449,15655,20000,1,0,0,1,1,0,1,0,0
10,8,450,15656,20000,1,0,0,1,1,0,1,0,0
10,8,451,15657,20000,1,0,0,1,1,0,1,0,0
10,8,452,15658,20000,1,0,0,1,1,0,1,0,0
10,8,453,15659,20000,1,0,0,1,1,0,1,0,0
10,8,454,15660,20000,1,0,0,1,1,0,1,0,0
10,8,455,15661,20000,1,0,0,1,1,0,1,0,0
10,8,456,15662,20000,1,0,0,1,1,0,1,0,0
10,8,457,15663,20000,1,0,0,1,1,0,1,0,0
10,8,458,15664,20000,1,0,0,1,1,0,1,0,0
10,8,459,15665,20000,1,0,0,1,1,0,1,0,0
10,8,460,15666,20000,1,0,0,1,1,0,1,0,0
10,8,461,15667,20000,1,0,0,1,1,0,1,0,0
10,8,462,15668,20000,1,0,0,1,1,0,1,0,0
10,8,463,15669,20000,1,0,0,1,1,0,1,0,0
10,8,464,15670,20000,1,0,0,1,1,0,1,0,0
10,8,465,15671,20000,1,0,0,1,1,0,1,0,0
10,8,466,15672,20000,1,0,0,1,1,0,1,0,0
10,8,467,15673,20000,1,0,0,1,1,0,1,0,0
10,8,468,15674,20000,1,0,0,1,1,0,1,0,0
10,8,469,15675,20000,1,0,0,1,1,0,1,0,0
10,8,470,15676,20000,1,0,0,1,1,0,1,0,0
10,8,471,15677,20000,1,0,0,1,1,0,1,0,0
10,8,472,15678,20000,1,0,0,1,1,0,1,0,0
10,8,473,15679,20000,1,0,0,1,1,0,1,0,0
10,8,474,15680,20000,1,0,0,1,1,0,1,0,0
10,8,475,15681,20000,1,0,0,1,1,0,1,0,0
10,8,476,15682,20000,1,0,0,1,1,0,1,0,0
10,8,477,15683,20000,1,0,0,1,1,0,1,0,0
10,8,478,15684,20000,1,0,0,1,1,0,1,0,0
10,8,479,15685,20000,1,0,0,1,1,0,1,0,0
10,8,480,15686,20000,1,0,0,1,1,0,1,0,0
10,8,481,15687,20000,1,0,0,1,1,0,1,0,0
10,8,482,15688,20000,1,0,0,1,1,0,1,0,0
10,8,483,15689,20000,1,0,0,1,1,0,1,0,0
10,8,484,15690,20000,1,0,0,1,1,0,1,0,0
10,8,485,15691,20000,1,0,0,1,1,0,1,0,0
10,8,486,15692,20000,1,0,0,1,1,0,1,0,0
10,8,487,15693,20000,1,0,0,1,1,0,1,0,0
10,8,488,15694,20000,1,0,0,1,1,0,1,0,0
10,8,489,15695,20000,1,0,0,1,1,0,1,0,0
10,8,490,15696,20000,1,0,0,1,1,0,1,0,0
10,8,491,15697,20000,1,0,0,1,1,0,1,0,0
10,8,492,15698,20000,1,0,0,1,1,0,1,0,0
10,8,493,15699,20000,1,0,0,1,1,0,1,0,0
10,8,494,15700,20000,1,0,0,1,1,0,1,0,0
10,8,495,15701,20000,1,0,0,1,1,0,1,0,0
10,8,496,15702,20000,1,0,0,1,1,0,1,0,0
10,8,497,15703,20000,1,0,0,1,1,0,1,0,0
10,8,498,15704,20000,1,0,0,1,1,0,1,0,0
10,8,499,15705,20000,1,0,0,1,1,0,1,0,0
10,8,500,15706,20000,1,0,0,1,1,0,1,0,0
10,8,501,15707,20000,1,0,0,1,1,0,1,0,0
10,8,502,15708,20000,1,0,0,1,1,0,1,0,0
10,8,503,15709,20000,1,0,0,1,1,0,1,0,0
10,8,504,15710,20000,1,0,0,1,1,0,1,0,0
10,8,505,15711,20000,1,0,0,1,1,0,1,0,0
10,8,506,15712,20000,1,0,0,1,1,0,1,0,0
10,8,507,15713,20000,1,0,0,1,1,0,1,0,0
10,8,508,15714,20000,1,0,0,1,1,0,1,0,0
10,8,509,15715,20000,1,0,0,1,1,0,1,0,0
10,8,510,15716,20000,1,0,0,1,1,0,1,0,0
10,8,511,15717,20000,1,0,0,1,1,0,1,0,0
10,8,512,15718,20000,1,0,0,1,1,0,1,0,0
10,8,513,15719,20000,1,0,0,1,1,0,1,0,0
10,8,514,15720,20000,1,0,0,1,1,0,1,0,0
10,8,515,15721,20000,1,0,0,1,1,0,1,0,0
10,8,516,15722,20000,1,0,0,1,1,0,1,0,0
10,8,517,15723,20000,1,0,0,1,1,0,1,0,0
10,8,518,15724,20000,1,0,0,1,1,0,1,0,0
10,8,519,15725,20000,1,0,0,1,1,0,1,0,0
10,8,520,15726,20000,1,0,0,1,1,0,1,0,0
10,8,521,15727,20000,1,0,0,1,1,0,1,0,0
10,8,522,15728,20000,1,0,0,1,1,0,1,0,0
10,8,523,15729,20000,1,0,0,1,1,0,1,0,0
10,8,524,15730,20000,1,0,0,1,1,0,1,0,0
10,8,525,15731,20000,1,0,0,1,1,0,1,0,0
10,8,526,15732,20000,1,0,0,1,1,0,1,0,0
10,8,527,15733,20000,1,0,0,1,1,0,1,0,0
10,8,528,15734,20000,1,0,0,1,1,0,1,0,0
10,8,529,15735,20000,1,0,0,1,1,0,1,0,0
10,8,530,15736,20000,1,0,0,1,1,0,1,0,0
10,8,531,15737,20000,1,0,0,1,1,0,1,0,0
10,8,532,15738,20000,1,0,0,1,1,0,1,0,0
10,8,533,15739,20000,1,0,0,1,1,0,1,0,0
10,8,534,15740,20000,1,0,0,1,1,0,1,0,0
10,8,535,15741,20000,1,0,0,1,1,0,1,0,0
10,8,536,15742,20000,1,0,0,1,1,0,1,0,0
10,8,537,15743,20000,1,0,0,1,1,0,1,0,0
10,8,538,15744,20000,1,0,0,1,1,0,1,0,0
10,8,539,15745,20000,1,0,0,1,1,0,1,0,0
10,8,540,15746,20000,1,0,0,1,1,0,1,0,0
10,8,541,15747,20000,1,0,0,1,1,0,1,0,0
10,8,542,15748,20000,1,0,0,1,1,0,1,0,0
10,8,543,15749,20000,1,0,0,1,1,0,1,0,0
10,8,544,15750,20000,1,0,0,1,1,0,1,0,0
10,8,545,15751,20000,1,0,0,1,1,0,1,0,0
10,8,546,15752,20000,1,0,0,1,1,0,1,0,0
10,8,547,15753,20000,1,0,0,1,1,0,1,0,0
10,8,548,15754,20000,1,0,0,1,1,0,1,0,0
10,8,549,15755,20000,1,0,0,1,1,0,1,0,0
10,8,550,15756,20000,1,0,0,1,1,0,1,0,0
10,8,551,15757,20000,1,0,0,1,1,0,1,0,0
10,8,552,15758,20000,1,0,0,1,1,0,1,0,0
10,8,553,15759,20000,1,0,0,1,1,0,1,0,0
10,8,554,15760,20000,1,0,0,1,1,0,1,0,0
10,8,555,15761,20000,1,0,0,1,1,0,1,0,0
10,8,556,15762,20000,1,0,0,1,1,0,1,0,0
10,8,557,15763,20000,1,0,0,1,1,0,1,0,0
10,8,558,15764,20000,1,0,0,1,1,0,1,0,0
10,8,559,15765,20000,1,0,0,1,1,0,1,0,0
10,8,560,15766,20000,1,0,0,1,1,0,1,0,0
10,8,561,15919,20000,1,0,0,1,1,0,1,0,0
10,8,562,15920,20000,1,0,0,1,1,0,1,0,0
10,8,563,15921,20000,1,0,0,1,1,0,1,0,0
10,8,564,15922,20000,1,0,0,1,1,0,1,0,0
10,8,565,15923,20000,1,0,0,1,1,0,1,0,0
10,8,566,15924,20000,1,0,0,1,1,0,1,0,0
10,8,567,15925,20000,1,0,0,1,1,0,1,0,0
10,8,568,15926,20000,1,0,0,1,1,0,1,0,0
10,8,569,15927,20000,1,0,0,1,1,0,1,0,0
10,8,570,15928,20000,1,0,0,1,1,0,1,0,0
10,8,571,15929,20000,1,0,0,1,1,0,1,0,0
10,8,572,15930,20000,1,0,0,1,1,0,1,0,0
10,8,573,15931,20000,1,0,0,1,1,0,1,0,0
10,8,574,15932,20000,1,0,0,1,1,0,1,0,0
10,8,575,15933,20000,1,0,0,1,1,0,1,0,0
10,8,576,15934,20000,1,0,0,1,1,0,1,0,0
10,8,577,15935,20000,1,0,0,1,1,0,1,0,0
10,8,578,15936,20000,1,0,0,1,1,0,1,0,0
10,8,579,15937,20000,1,0,0,1,1,0,1,0,0
10,8,580,15938,20000,1,0,0,1,1,0,1,0,0
10,8,581,15939,20000,1,0,0,1,1,0,1,0,0
10,8,582,15940,20000,1,0,0,1,1,0,1,0,0
10,8,583,15941,20000,1,0,0,1,1,0,1,0,0
10,8,584,15942,20000,1,0,0,1,1,0,1,0,0
10,8,585,15943,20000,1,0,0,1,1,0,1,0,0
10,8,586,15944,20000,1,0,0,1,1,0,1,0,0
10,8,587,15945,20000,1,0,0,1,1,0,1,0,0
10,8,588,15946,20000,1,0,0,1,1,0,1,0,0
10,8,589,15947,20000,1,0,0,1,1,0,1,0,0
10,8,590,15948,20000,1,0,0,1,1,0,1,0,0
10,8,591,15949,20000,1,0,0,1,1,0,1,0,0
10,8,592,15950,20000,1,0,0,1,1,0,1,0,0
10,8,593,15951,20000,1,0,0,1,1,0,1,0,0
10,8,594,15952,20000,1,0,0,1,1,0,1,0,0
10,8,595,15953,20000,1,0,0,1,1,0,1,0,0
10,8,596,15954,20000,1,0,0,1,1,0,1,0,0
10,8,597,15955,20000,1,0,0,1,1,0,1,0,0
10,8,598,15956,20000,1,0,0,1,1,0,1,0,0
10,8,599,15957,20000,1,0,0,1,1,0,1,0,0
10,8,600,15958,20000,1,0,0,1,1,0,1,0,0
10,8,601,15959,20000,1,0,0,1,1,0,1,0,0
10,8,602,15960,20000,1,0,0,1,1,0,1,0,0
10,8,603,15961,20000,1,0,0,1,1,0,1,0,0
10,8,604,15962,20000,1,0,0,1,1,0,1,0,0
10,8,605,15963,20000,1,0,0,1,1,0,1,0,0
10,8,606,15964,20000,1,0,0,1,1,0,1,0,0
10,8,607,15965,20000,1,0,0,1,1,0,1,0,0
10,8,608,15966,20000,1,0,0,1,1,0,1,0,0
10,8,609,15967,20000,1,0,0,1,1,0,1,0,0
10,8,610,15968,20000,1,0,0,1,1,0,1,0,0
10,7,611,13506,250,1,0,0,1,1,0,1,50,0
10,7,612,15011,250,1,0,0,1,1,0,1,50,0
10,7,613,13636,250,1,0,0,1,1,0,1,50,0
10,7,614,1227,250,1,0,0,1,1,0,1,50,0
10,7,615,15022,250,1,0,0,1,1,0,1,50,0
10,8,616,4407,1000,1,0,0,1,1,0,1,0,0
10,8,617,4408,1000,1,0,0,1,1,0,1,0,0
10,8,618,4409,1000,1,0,0,1,1,0,1,0,0
10,8,619,4410,1000,1,0,0,1,1,0,1,0,0
10,8,620,4411,1000,1,0,0,1,1,0,1,0,0
10,8,621,4412,1000,1,0,0,1,1,0,1,0,0
10,8,622,4413,1000,1,0,0,1,1,0,1,0,0
10,8,623,4414,1000,1,0,0,1,1,0,1,0,0
10,8,624,4823,1000,1,0,0,1,1,0,1,0,0
10,8,625,4824,1000,1,0,0,1,1,0,1,0,0
10,8,626,4825,1000,1,0,0,1,1,0,1,0,0
10,8,627,4826,1000,1,0,0,1,1,0,1,0,0
10,8,628,4827,1000,1,0,0,1,1,0,1,0,0
10,8,629,4828,1000,1,0,0,1,1,0,1,0,0
10,8,630,4829,1000,1,0,0,1,1,0,1,0,0
10,8,631,4830,1000,1,0,0,1,1,0,1,0,0
10,8,632,5194,1000,1,0,0,1,1,0,1,0,0
10,8,633,5195,1000,1,0,0,1,1,0,1,0,0
10,8,634,5196,1000,1,0,0,1,1,0,1,0,0
10,8,635,5197,1000,1,0,0,1,1,0,1,0,0
10,8,636,5198,1000,1,0,0,1,1,0,1,0,0
10,8,637,5199,1000,1,0,0,1,1,0,1,0,0
10,8,638,5200,1000,1,0,0,1,1,0,1,0,0
10,8,639,5201,1000,1,0,0,1,1,0,1,0,0
10,8,640,13630,1000,1,0,0,1,1,0,1,0,0
10,8,641,13631,1000,1,0,0,1,1,0,1,0,0
10,8,642,13632,1000,1,0,0,1,1,0,1,0,0
10,8,643,13633,1000,1,0,0,1,1,0,1,0,0
10,8,644,13634,1000,1,0,0,1,1,0,1,0,0
10,8,645,13635,1000,1,0,0,1,1,0,1,0,0
10,8,646,15103,1000,1,0,0,1,1,0,1,0,0
10,8,647,15104,1000,1,0,0,1,1,0,1,0,0
10,8,648,15105,1000,1,0,0,1,1,0,1,0,0
10,8,649,15106,1000,1,0,0,1,1,0,1,0,0
10,8,650,15107,1000,1,0,0,1,1,0,1,0,0
10,8,651,15108,1000,1,0,0,1,1,0,1,0,0
10,8,652,16459,1000,1,0,0,1,1,0,1,0,0
10,8,653,16460,1000,1,0,0,1,1,0,1,0,0
10,8,654,16461,1000,1,0,0,1,1,0,1,0,0
10,8,655,16462,1000,1,0,0,1,1,0,1,0,0
10,8,656,16463,1000,1,0,0,1,1,0,1,0,0
10,8,657,16464,1000,1,0,0,1,1,0,1,0,0
10,8,658,16465,1000,1,0,0,1,1,0,1,0,0
10,8,659,16466,1000,1,0,0,1,1,0,1,0,0
10,8,660,16467,1000,1,0,0,1,1,0,1,0,0
10,8,661,16468,1000,1,0,0,1,1,0,1,0,0
10,8,662,16469,1000,1,0,0,1,1,0,1,0,0
10,8,663,16470,1000,1,0,0,1,1,0,1,0,0
10,8,664,16471,1000,1,0,0,1,1,0,1,0,0
10,8,665,16472,1000,1,0,0,1,1,0,1,0,0
10,8,666,13416,1000,1,0,0,1,1,0,1,0,0
10,8,667,13417,1000,1,0,0,1,1,0,1,0,0
10,8,668,13418,1000,1,0,0,1,1,0,1,0,0
10,8,669,13419,1000,1,0,0,1,1,0,1,0,0
10,8,670,13420,1000,1,0,0,1,1,0,1,0,0
10,8,671,14283,1000,1,0,0,1,1,0,1,0,0
10,8,672,14284,1000,1,0,0,1,1,0,1,0,0
10,8,673,14285,1000,1,0,0,1,1,0,1,0,0
10,8,674,14286,1000,1,0,0,1,1,0,1,0,0
10,8,675,13182,1000,1,0,0,1,1,0,1,0,0
10,8,676,13507,1000,1,0,0,1,1,0,1,0,0
10,8,677,13981,1000,1,0,0,1,1,0,1,0,0
10,8,678,14744,1000,1,0,0,1,1,0,1,0,0
10,8,679,14893,1000,1,0,0,1,1,0,1,0,0
10,8,680,15785,1000,1,0,0,1,1,0,1,0,0
10,8,681,16419,1000,1,0,0,1,1,0,1,0,0
10,8,682,11470,1000,1,0,0,1,1,0,1,0,0
10,8,683,12512,1000,1,0,0,1,1,0,1,0,0
10,8,684,12884,1000,1,0,0,1,1,0,1,0,0
10,8,685,12513,1000,1,0,0,1,1,0,1,0,0
10,8,686,12514,1000,1,0,0,1,1,0,1,0,0
10,8,687,12515,1000,1,0,0,1,1,0,1,0,0
10,8,688,12516,1000,1,0,0,1,1,0,1,0,0
10,8,689,12517,1000,1,0,0,1,1,0,1,0,0
10,8,690,12518,1000,1,0,0,1,1,0,1,0,0
10,8,691,12519,1000,1,0,0,1,1,0,1,0,0
10,8,692,12520,1000,1,0,0,1,1,0,1,0,0
10,8,693,12521,1000,1,0,0,1,1,0,1,0,0
10,8,694,8179,1000,1,0,0,1,1,0,1,0,0
10,8,695,9704,1000,1,0,0,1,1,0,1,0,0
10,8,696,15448,1000,1,0,0,1,1,0,1,0,0
10,8,697,11162,1000,1,0,0,1,1,0,1,0,0
10,8,698,11163,1000,1,0,0,1,1,0,1,0,0
10,8,699,11164,1000,1,0,0,1,1,0,1,0,0
10,8,700,11165,1000,1,0,0,1,1,0,1,0,0
10,8,701,11661,1000,1,0,0,1,1,0,1,0,0
10,8,702,11662,1000,1,0,0,1,1,0,1,0,0
10,8,703,14639,1000,1,0,0,1,1,0,1,0,0
10,8,704,13607,10,1,0,0,1,1,0,1,0,0
10,7,705,15774,3000,1,0,0,1,1,0,1,100,0
10,7,706,15775,3000,1,0,0,1,1,0,1,100,0
10,7,707,11420,3000,1,0,0,1,1,0,1,100,0
10,7,708,14704,3000,1,0,0,1,1,0,1,100,0
10,7,709,13177,3000,1,0,0,1,1,0,1,100,0
10,7,710,14191,3000,1,0,0,1,1,0,1,100,0
10,7,711,13449,3000,1,0,0,1,1,0,1,100,0
10,7,712,14192,3000,1,0,0,1,1,0,1,100,0
10,7,713,15772,3000,1,0,0,1,1,0,1,100,0
10,7,714,13791,3000,1,0,0,1,1,0,1,100,0
10,7,715,14006,3000,1,0,0,1,1,0,1,100,0
10,7,716,15768,3000,1,0,0,1,1,0,1,100,0
10,7,717,14069,3000,1,0,0,1,1,0,1,100,0
10,7,718,14124,3000,1,0,0,1,1,0,1,100,0
10,7,719,15507,3000,1,0,0,1,1,0,1,100,0
10,7,720,15508,3000,1,0,0,1,1,0,1,100,0
10,7,721,14855,3000,1,0,0,1,1,0,1,100,0
10,7,722,14894,3000,1,0,0,1,1,0,1,100,0
10,7,723,16444,3000,1,0,0,1,1,0,1,100,0
10,7,724,16445,3000,1,0,0,1,1,0,1,100,0
10,7,725,12509,3000,1,0,0,1,1,0,1,100,0
10,7,726,14126,3000,1,0,0,1,1,0,1,100,0
10,7,727,15062,3000,1,0,0,1,1,0,1,100,0
10,7,728,15063,3000,1,0,0,1,1,0,1,100,0
10,7,729,14891,3000,1,0,0,1,1,0,1,100,0
10,7,730,14895,3000,1,0,0,1,1,0,1,100,0
10,7,731,14091,3000,1,0,0,1,1,0,1,100,0
10,7,732,14092,3000,1,0,0,1,1,0,1,100,0
10,7,733,14501,3000,1,0,0,1,1,0,1,100,0
10,7,734,14506,3000,1,0,0,1,1,0,1,100,0
10,7,735,15285,3000,1,0,0,1,1,0,1,100,0
10,7,736,15286,3000,1,0,0,1,1,0,1,100,0
10,7,737,16442,3000,1,0,0,1,1,0,1,100,0
10,7,738,16443,3000,1,0,0,1,1,0,1,100,0
10,7,739,15027,3000,1,0,0,1,1,0,1,100,0
10,7,740,15028,3000,1,0,0,1,1,0,1,100,0
10,7,741,13453,3000,1,0,0,1,1,0,1,100,0
10,7,742,14193,3000,1,0,0,1,1,0,1,100,0
10,7,743,13178,3000,1,0,0,1,1,0,1,100,0
10,7,744,14194,3000,1,0,0,1,1,0,1,100,0
10,7,745,16454,3000,1,0,0,1,1,0,1,100,0
10,7,746,16455,3000,1,0,0,1,1,0,1,100,0
10,7,747,15030,3000,1,0,0,1,1,0,1,100,0
10,7,748,15031,3000,1,0,0,1,1,0,1,100,0
10,7,749,13790,3000,1,0,0,1,1,0,1,100,0
10,7,750,14005,3000,1,0,0,1,1,0,1,100,0
10,7,751,14406,3000,1,0,0,1,1,0,1,100,0
10,7,752,14413,3000,1,0,0,1,1,0,1,100,0
10,7,753,16448,3000,1,0,0,1,1,0,1,100,0
10,7,754,16449,3000,1,0,0,1,1,0,1,100,0
10,7,755,12872,3000,1,0,0,1,1,0,1,100,0
10,7,756,14187,3000,1,0,0,1,1,0,1,100,0
10,7,757,14125,3000,1,0,0,1,1,0,1,100,0
10,7,758,14500,3000,1,0,0,1,1,0,1,100,0
10,7,759,14505,3000,1,0,0,1,1,0,1,100,0
10,7,760,15118,3000,1,0,0,1,1,0,1,100,0
10,7,761,15119,3000,1,0,0,1,1,0,1,100,0
10,7,762,14662,3000,1,0,0,1,1,0,1,100,0
10,7,763,14663,3000,1,0,0,1,1,0,1,100,0
10,7,764,15771,3000,1,0,0,1,1,0,1,100,0
10,7,765,9700,3000,1,0,0,1,1,0,1,100,0
10,7,766,14498,3000,1,0,0,1,1,0,1,100,0
10,7,767,14913,3000,1,0,0,1,1,0,1,100,0
10,7,768,14914,3000,1,0,0,1,1,0,1,100,0
10,7,769,13508,3000,1,0,0,1,1,0,1,100,0
10,7,770,15115,3000,1,0,0,1,1,0,1,100,0
10,7,771,15116,3000,1,0,0,1,1,0,1,100,0
10,7,772,15113,3000,1,0,0,1,1,0,1,100,0
10,7,773,15114,3000,1,0,0,1,1,0,1,100,0
10,7,774,15222,3000,1,0,0,1,1,0,1,100,0
10,7,775,15223,3000,1,0,0,1,1,0,1,100,0
10,7,776,10750,3000,1,0,0,1,1,0,1,100,0
10,7,777,14705,3000,1,0,0,1,1,0,1,100,0
10,7,778,15027,3000,1,0,0,1,1,0,1,100,0
10,7,779,15028,3000,1,0,0,1,1,0,1,100,0
10,7,780,10380,3000,1,0,0,1,1,0,1,100,0
10,7,781,15060,3000,1,0,0,1,1,0,1,100,0
10,7,782,13963,3000,1,0,0,1,1,0,1,100,0
10,7,783,14026,3000,1,0,0,1,1,0,1,100,0
10,7,784,13964,3000,1,0,0,1,1,0,1,100,0
10,7,785,14027,3000,1,0,0,1,1,0,1,100,0
10,7,786,15064,3000,1,0,0,1,1,0,1,100,0
10,7,787,15065,3000,1,0,0,1,1,0,1,100,0
10,7,788,15524,3000,1,0,0,1,1,0,1,100,0
10,7,789,15525,3000,1,0,0,1,1,0,1,100,0
10,7,790,16450,3000,1,0,0,1,1,0,1,100,0
10,7,791,16451,3000,1,0,0,1,1,0,1,100,0
10,7,792,16344,3000,1,0,0,1,1,0,1,100,0
10,7,793,16345,3000,1,0,0,1,1,0,1,100,0
10,7,794,16342,3000,1,0,0,1,1,0,1,100,0
10,7,795,16343,3000,1,0,0,1,1,0,1,100,0
10,7,796,15220,3000,1,0,0,1,1,0,1,100,0
10,7,797,15221,3000,1,0,0,1,1,0,1,100,0
10,7,798,15066,3000,1,0,0,1,1,0,1,100,0
10,7,799,15067,3000,1,0,0,1,1,0,1,100,0
10,7,800,14089,3000,1,0,0,1,1,0,1,100,0
10,7,801,14090,3000,1,0,0,1,1,0,1,100,0
10,7,802,14195,3000,1,0,0,1,1,0,1,100,0
10,7,803,14196,3000,1,0,0,1,1,0,1,100,0
10,7,804,13965,3000,1,0,0,1,1,0,1,100,0
10,7,805,14028,3000,1,0,0,1,1,0,1,100,0
10,7,806,13508,3000,1,0,0,1,1,0,1,100,0
10,7,807,13962,3000,1,0,0,1,1,0,1,100,0
10,7,808,14314,3000,1,0,0,1,1,0,1,100,0
10,7,809,13404,3000,1,0,0,1,1,0,1,100,0
10,7,810,14188,3000,1,0,0,1,1,0,1,100,0
10,7,811,14032,3000,1,0,0,1,1,0,1,100,0
10,7,812,13960,3000,1,0,0,1,1,0,1,100,0
10,7,813,15819,3000,1,0,0,1,1,0,1,100,0
10,7,814,15820,3000,1,0,0,1,1,0,1,100,0
10,7,815,10750,3000,1,0,0,1,1,0,1,100,0
10,7,816,14705,3000,1,0,0,1,1,0,1,100,0
10,7,817,14407,3000,1,0,0,1,1,0,1,100,0
10,7,818,14414,3000,1,0,0,1,1,0,1,100,0
10,7,819,16352,3000,1,0,0,1,1,0,1,100,0
10,7,820,16353,3000,1,0,0,1,1,0,1,100,0
10,7,821,14502,3000,1,0,0,1,1,0,1,100,0
10,7,822,14507,3000,1,0,0,1,1,0,1,100,0
10,7,823,10811,3000,1,0,0,1,1,0,1,100,0
10,7,824,15061,3000,1,0,0,1,1,0,1,100,0
10,7,825,15823,3000,1,0,0,1,1,0,1,100,0
10,7,826,15824,3000,1,0,0,1,1,0,1,100,0
10,7,827,15224,3000,1,0,0,1,1,0,1,100,0
10,7,828,15225,3000,1,0,0,1,1,0,1,100,0
10,7,829,14503,3000,1,0,0,1,1,0,1,100,0
10,7,830,14510,3000,1,0,0,1,1,0,1,100,0
10,7,831,15776,3000,1,0,0,1,1,0,1,100,0
10,7,832,15777,3000,1,0,0,1,1,0,1,100,0
10,7,833,15821,3000,1,0,0,1,1,0,1,100,0
10,7,834,15822,3000,1,0,0,1,1,0,1,100,0
10,7,835,14198,3000,1,0,0,1,1,0,1,100,0
10,7,836,14197,3000,1,0,0,1,1,0,1,100,0
10,7,837,16446,3000,1,0,0,1,1,0,1,100,0
10,7,838,16447,3000,1,0,0,1,1,0,1,100,0
10,7,839,14905,3000,1,0,0,1,1,0,1,100,0
10,7,840,14907,3000,1,0,0,1,1,0,1,100,0
10,7,841,14904,3000,1,0,0,1,1,0,1,100,0
10,7,842,14906,3000,1,0,0,1,1,0,1,100,0
10,7,843,14659,3000,1,0,0,1,1,0,1,100,0
10,7,844,14660,3000,1,0,0,1,1,0,1,100,0
10,7,845,13326,3000,1,0,0,1,1,0,1,100,0
10,7,846,14416,3000,1,0,0,1,1,0,1,100,0
10,7,847,13450,3000,1,0,0,1,1,0,1,100,0
10,7,848,14031,3000,1,0,0,1,1,0,1,100,0
10,7,849,16492,3000,1,0,0,1,1,0,1,100,0
10,7,850,16493,3000,1,0,0,1,1,0,1,100,0
10,8,851,1520,1,1,0,0,1,1,0,1,0,0
10,8,852,7011,1,1,0,0,1,1,0,1,0,0
10,7,853,14299,500,1,0,0,1,1,0,1,20,0
10,7,854,14389,500,1,0,0,1,1,0,1,20,0
10,7,855,15177,500,1,0,0,1,1,0,1,20,0
10,7,856,14537,500,1,0,0,1,1,0,1,20,0
10,7,857,14758,500,1,0,0,1,1,0,1,20,0
10,7,858,14854,500,1,0,0,1,1,0,1,20,0
10,7,859,13974,500,1,0,0,1,1,0,1,20,0
10,7,860,15021,500,1,0,0,1,1,0,1,20,0
10,7,861,15111,500,1,0,0,1,1,0,1,20,0
10,7,862,15226,500,1,0,0,1,1,0,1,20,0
10,7,863,15773,500,1,0,0,1,1,0,1,20,0
10,7,864,15825,500,1,0,0,1,1,0,1,20,0
10,7,865,15827,500,1,0,0,1,1,0,1,20,0
10,7,866,16340,500,1,0,0,1,1,0,1,20,0
10,7,867,16341,500,1,0,0,1,1,0,1,20,0
10,7,868,16457,500,1,0,0,1,1,0,1,20,0
10,7,869,16458,500,1,0,0,1,1,0,1,20,0
10,7,870,11698,250,1,0,0,1,1,0,1,50,0
10,7,871,11700,250,1,0,0,1,1,0,1,50,0
10,8,872,4358,10,1,0,0,1,1,0,1,0,0
10,8,873,7981,1,1,0,0,1,1,0,1,0,0
10,8,874,7267,20,1,0,0,1,1,0,1,0,0
10,8,875,9958,20,1,0,0,1,1,0,1,0,999
10,8,876,1548,20,1,0,0,1,1,0,1,0,0
10,8,877,1613,20,1,0,0,1,1,0,1,0,0
10,8,878,1026,1,1,0,0,1,1,0,1,0,0
10,8,879,5380,1,1,0,0,1,1,0,1,0,0
10,8,880,11284,15,1,0,0,1,1,0,1,0,0
10,8,881,11285,15,1,0,0,1,1,0,1,0,0
10,8,882,11286,15,1,0,0,1,1,0,1,0,0
10,8,883,10356,500,1,0,0,1,1,0,1,0,0
10,8,884,12511,500,1,0,0,1,1,0,1,0,0
10,8,885,13238,500,1,0,0,1,1,0,1,0,0
10,8,886,1691,1,1,0,0,1,1,0,1,0,0
10,8,887,9708,1,1,0,0,1,1,0,1,0,0
10,8,888,11383,10,1,0,0,1,1,0,1,0,0
10,8,889,11382,10,1,0,0,1,1,0,1,0,0
10,8,890,11381,10,1,0,0,1,1,0,1,0,0
10,7,891,16348,3000,1,0,0,1,1,0,1,100,0
10,8,892,11386,10,1,0,0,1,1,0,1,0,0
10,8,893,5767,1,10000,0,0,1,1,0,1,0,0
10,8,894,5765,1,10000,0,0,1,1,0,1,0,0
10,8,895,5768,1,10000,0,0,1,1,0,1,0,0
10,8,896,14444,10,1,0,0,1,1,0,1,0,0
10,8,897,14443,10,1,0,0,1,1,0,1,0,0
10,8,898,14445,10,1,0,0,1,1,0,1,0,0
10,8,899,15068,500,1,0,0,1,1,0,1,20,0
10,7,900,16532,1000,1,0,0,1,1,0,1,0,0
10,8,901,100,1,10000,0,0,1,1,0,1,0,0
10,8,902,11243,1,1,0,0,1,1,0,1,0,0
10,8,903,101,1,10000,0,0,1,1,0,1,0,0
10,7,904,14368,3000,1,0,0,1,1,0,1,50,0
10,8,905,8943,1,20,0,0,1,1,0,1,0,0
10,7,906,1622,3000,1,0,0,1,1,0,1,0,0
10,8,907,8953,1,20,0,0,1,1,0,1,0,0
10,8,908,13693,1,20,0,0,1,1,0,1,0,0
10,8,909,8949,1,20,0,0,1,1,0,1,0,0
10,8,910,8955,1,20,0,0,1,1,0,1,0,0
10,7,911,16456,500,1,0,0,1,1,0,1,0,0