BEGIN;

INSERT INTO
  public.campaigns (
    id,
    min_hr,
    max_hr,
    min_sr,
    max_sr,
    min_gr,
    max_gr,
    reward_type,
    stamps,
    unk,
    background_id,
    start_time,
    end_time,
    title,
    reward,
    link,
    code_prefix
  )
VALUES
  (
    921805910,
    -1,
    -1,
    -1,
    -1,
    -1,
    -1,
    1,
    0,
    0,
    12,
    NOW(),
    NOW() + INTERVAL '24 hours',
    'ガイド娘の差し入れ',
    'ガイド娘の差し入れ',
    'http://www.mhf-z.jp/',
    'SCSC'
  ), (
    142209682,
    -1,
    -1,
    -1,
    -1,
    -1,
    -1,
    2,
    0,
    0,
    12,
    NOW(),
    NOW() + INTERVAL '24 hours',
    'VISAクエスト【ベイルＺＰ】',
    'VISAクエスト【ベイルＺＰ】',
    'http://www.mhf-z.jp/',
    'VC10'
  ), (
    488594222,
    -1,
    -1,
    -1,
    -1,
    -1,
    -1,
    1,
    0,
    0,
    12,
    NOW(),
    NOW() + INTERVAL '24 hours',
    '推奨PC特典トゥールム',
    '推奨PC特典トゥールム',
    'http://www.mhf-z.jp',
    'TOUR'
  ), (
    649144304,
    -1,
    -1,
    -1,
    -1,
    -1,
    -1,
    2,
    0,
    0,
    12,
    NOW(),
    NOW() + INTERVAL '24 hours',
    'VISAクエスト【ベイルＧＰ】',
    'VISAクエスト【ベイルＧＰ】',
    'http://www.mhf-z.jp',
    'VC09'
  ), (
    421484974,
    -1,
    -1,
    -1,
    -1,
    -1,
    -1,
    1,
    0,
    0,
    12,
    NOW(),
    NOW() + INTERVAL '24 hours',
    '新・狩友紹介特典【紹介】',
    '新・狩友紹介特典【紹介】',
    'http://www.mhf-z.jp',
    'SFR1'
  ), (
    730957531,
    100,
    999,
    -1,
    -1,
    -1,
    -1,
    1,
    0,
    0,
    12,
    NOW(),
    NOW() + INTERVAL '24 hours',
    '新・狩友紹介特典【HR100・複数】',
    '新・狩友紹介特典【HR100・複数】',
    'http://www.mhf-z.jp',
    'SFR7'
  ), (
    865537514,
    -1,
    -1,
    -1,
    -1,
    -1,
    -1,
    1,
    0,
    0,
    12,
    NOW(),
    NOW() + INTERVAL '24 hours',
    'G-Tune特典G-Tuneソード',
    'ＧＴＵＮＥ生産券×1',
    'http://www.mhf-z.jp',
    'GT01'
  ), (
    488594158,
    -1,
    -1,
    -1,
    -1,
    -1,
    -1,
    2,
    0,
    0,
    12,
    NOW(),
    NOW() + INTERVAL '24 hours',
    'VISAクエスト【ベイルＧＳ】',
    'VISAクエスト【ベイルＧＳ】',
    'http://www.mhf-z.jp',
    'VC08'
  ), (
    699557165,
    -1,
    -1,
    -1,
    -1,
    -1,
    -1,
    2,
    0,
    0,
    12,
    NOW(),
    NOW() + INTERVAL '24 hours',
    'VISAクエスト【ベイルＨＳ】',
    'VISAクエスト【ベイルＨＳ】',
    'http://www.mhf-z.jp',
    'VC07'
  ), (
    766535101,
    -1,
    -1,
    -1,
    -1,
    -1,
    -1,
    1,
    0,
    0,
    12,
    NOW(),
    NOW() + INTERVAL '24 hours',
    'はじめての狩猟セット【蒼】',
    'はじめての狩猟セット【蒼】',
    'http://www.mhf-z.jp',
    'HSSG'
  ), (
    919840278,
    -1,
    -1,
    -1,
    -1,
    1,
    999,
    2,
    0,
    0,
    12,
    NOW(),
    NOW() + INTERVAL '24 hours',
    'レア素材獲得クエスト[GR1]',
    'レア素材獲得クエスト[GR1]',
    'http://www.mhf-z.jp',
    'RAQ8'
  ), (
    747709809,
    -1,
    -1,
    -1,
    -1,
    -1,
    -1,
    1,
    0,
    10,
    12,
    NOW(),
    NOW() + INTERVAL '24 hours',
    'プーギー服「ゴスペル風の服」',
    'プーギー服「ゴスペル風の服」',
    'http://members.mhf-z.jp/topic/payment/',
    'PG08'
  ), (
    257005183,
    -1,
    -1,
    -1,
    -1,
    -1,
    -1,
    1,
    1,
    1,
    12,
    NOW(),
    NOW() + INTERVAL '24 hours',
    'スリートキット生産券一式',
    'スリートキット生産券一式',
    'http://members.mhf-z.jp/topic/payment/',
    'SRTK'
  ), (
    649274608,
    -1,
    -1,
    -1,
    -1,
    -1,
    -1,
    1,
    1,
    1,
    12,
    NOW(),
    NOW() + INTERVAL '24 hours',
    'ステノキット生産券一式',
    'ステノキット生産券一式',
    'http://members.mhf-z.jp/topic/payment/',
    'STNK'
  ), (
    680601073,
    -1,
    -1,
    -1,
    -1,
    -1,
    -1,
    1,
    1,
    1,
    12,
    NOW(),
    NOW() + INTERVAL '24 hours',
    'エディオキット生産券一式',
    'エディオキット生産券一式',
    'http://members.mhf-z.jp/topic/payment/',
    'EDEK'
  ), (
    142209810,
    -1,
    -1,
    -1,
    -1,
    -1,
    -1,
    1,
    1,
    1,
    12,
    NOW(),
    NOW() + INTERVAL '24 hours',
    'ガリトスキット生産券一式',
    'ガリトスキット生産券一式',
    'http://members.mhf-z.jp/topic/payment/',
    'GLSK'
  ), (
    140111954,
    -1,
    -1,
    -1,
    -1,
    -1,
    -1,
    1,
    0,
    10,
    12,
    NOW(),
    NOW() + INTERVAL '24 hours',
    'プーギー服「パリアっぽい服」',
    'プーギー服「パリアっぽい服」',
    'http://members.mhf-z.jp/topic/payment/',
    'PG10'
  ), (
    225604757,
    -1,
    -1,
    -1,
    -1,
    -1,
    -1,
    1,
    0,
    10,
    12,
    NOW(),
    NOW() + INTERVAL '24 hours',
    'プーギー服「釣り上げそうな服」',
    'プーギー服「釣り上げそうな服」',
    'http://members.mhf-z.jp/topic/payment/',
    'PG12'
  ), (
    970837204,
    -1,
    -1,
    -1,
    -1,
    -1,
    -1,
    1,
    1,
    1,
    12,
    NOW(),
    NOW() + INTERVAL '24 hours',
    'ブースターパックＧ第１弾',
    'ブースターパックＧ第１弾',
    'http://members.mhf-z.jp/topic/payment/',
    'BGK1'
  ), (
    647465687,
    -1,
    -1,
    -1,
    -1,
    -1,
    -1,
    1,
    1,
    1,
    12,
    NOW(),
    NOW() + INTERVAL '24 hours',
    'Fate／stay night生産券一式',
    'Fate／stay night生産券一式',
    'http://members.mhf-z.jp/topic/payment/',
    'FSNK'
  ), (
    615934211,
    -1,
    -1,
    -1,
    -1,
    -1,
    -1,
    1,
    1,
    1,
    12,
    NOW(),
    NOW() + INTERVAL '24 hours',
    '初音ミクキット生産券一式',
    '初音ミクキット生産券一式',
    'http://members.mhf-z.jp/topic/payment/',
    'HMKK'
  ), (
    477754130,
    -1,
    -1,
    -1,
    -1,
    -1,
    -1,
    1,
    1,
    1,
    12,
    NOW(),
    NOW() + INTERVAL '24 hours',
    'Ｇ強化券',
    'Ｇ強化券×10',
    'http://members.mhf-z.jp/topic/payment/',
    'GUGK'
  ), (
    477131813,
    -1,
    -1,
    -1,
    -1,
    -1,
    -1,
    1,
    1,
    1,
    12,
    NOW(),
    NOW() + INTERVAL '24 hours',
    '伊達政宗ノ装束生産券一式',
    '伊達政宗ノ装束生産券一式',
    'http://members.mhf-z.jp/topic/payment/',
    'BDMK'
  ), (
    919839894,
    -1,
    -1,
    -1,
    -1,
    -1,
    -1,
    1,
    1,
    1,
    12,
    NOW(),
    NOW() + INTERVAL '24 hours',
    '真田幸村ノ装束生産券一式',
    '真田幸村ノ装束生産券一式',
    'http://members.mhf-z.jp/topic/payment/',
    'BSYK'
  ), (
    410645266,
    -1,
    -1,
    -1,
    -1,
    -1,
    -1,
    2,
    0,
    0,
    12,
    NOW(),
    NOW() + INTERVAL '24 hours',
    'VISAクエスト【ベイルＨＣ】',
    'VISAクエスト【ベイルＨＣ】',
    'http://www.mhf-z.jp',
    'VC06'
  ), (
    769511124,
    -1,
    -1,
    -1,
    -1,
    -1,
    -1,
    2,
    0,
    0,
    12,
    NOW(),
    NOW() + INTERVAL '24 hours',
    'VISAクエスト【ベイルＦ】',
    'VISAクエスト【ベイルＦ】',
    'http://www.mhf-z.jp',
    'VC04'
  ), (
    697509361,
    -1,
    -1,
    -1,
    -1,
    -1,
    -1,
    2,
    0,
    0,
    12,
    NOW(),
    NOW() + INTERVAL '24 hours',
    'VISAクエスト【ベイルＦＺ】',
    'VISAクエスト【ベイルＦＺ】',
    'http://www.mhf-z.jp',
    'VC05'
  ), (
    1037946068,
    -1,
    -1,
    -1,
    -1,
    -1,
    -1,
    1,
    1,
    1,
    12,
    NOW(),
    NOW() + INTERVAL '24 hours',
    'SF25周年記念キット生産券一式',
    'SF25周年記念キット生産券一式',
    'http://members.mhf-z.jp/topic/payment/',
    'SFAK'
  ), (
    615803171,
    -1,
    -1,
    -1,
    -1,
    -1,
    -1,
    1,
    1,
    1,
    12,
    NOW(),
    NOW() + INTERVAL '24 hours',
    'グロリアキット生産券一式',
    'グロリアキット生産券一式',
    'http://members.mhf-z.jp/topic/payment/',
    'GLRK'
  ), (
    257005151,
    -1,
    -1,
    -1,
    -1,
    -1,
    -1,
    1,
    1,
    1,
    12,
    NOW(),
    NOW() + INTERVAL '24 hours',
    '鬼武者キット生産券一式',
    '鬼武者キット生産券一式',
    'http://members.mhf-z.jp/topic/payment/',
    'NMSK'
  ), (
    209318802,
    -1,
    -1,
    -1,
    -1,
    -1,
    -1,
    1,
    1,
    1,
    12,
    NOW(),
    NOW() + INTERVAL '24 hours',
    'クロースキット生産券一式',
    'クロースキット生産券一式',
    'http://members.mhf-z.jp/topic/payment/',
    'CLTK'
  ), (
    664111863,
    -1,
    -1,
    -1,
    -1,
    -1,
    -1,
    1,
    1,
    1,
    12,
    NOW(),
    NOW() + INTERVAL '24 hours',
    'テクストキット生産券一式',
    'テクストキット生産券一式',
    'http://members.mhf-z.jp/topic/payment/',
    'TEKK'
  ), (
    597101930,
    -1,
    -1,
    -1,
    -1,
    -1,
    -1,
    1,
    1,
    1,
    12,
    NOW(),
    NOW() + INTERVAL '24 hours',
    'ファランキット生産券一式',
    'ファランキット生産券一式',
    'http://members.mhf-z.jp/topic/payment/',
    'FRNK'
  ), (
    494917916,
    -1,
    -1,
    -1,
    -1,
    -1,
    -1,
    1,
    1,
    1,
    12,
    NOW(),
    NOW() + INTERVAL '24 hours',
    'アージェキット生産券一式',
    'アージェキット生産券一式',
    'http://members.mhf-z.jp/topic/payment/',
    'ARJK'
  ), (
    477262885,
    -1,
    -1,
    -1,
    -1,
    -1,
    -1,
    1,
    1,
    1,
    12,
    NOW(),
    NOW() + INTERVAL '24 hours',
    'ガイド娘のお助けパック第５弾',
    'ガイド娘のお助けパック第５弾',
    'http://members.mhf-z.jp/topic/payment/',
    'GG5L'
  ), (
    584295574,
    -1,
    -1,
    -1,
    -1,
    -1,
    -1,
    1,
    1,
    1,
    12,
    NOW(),
    NOW() + INTERVAL '24 hours',
    'ブースターパック第15弾',
    'ブースターパック第15弾',
    'http://members.mhf-z.jp/topic/payment/',
    'BK15'
  ), (
    615934227,
    -1,
    -1,
    -1,
    -1,
    -1,
    -1,
    1,
    1,
    1,
    12,
    NOW(),
    NOW() + INTERVAL '24 hours',
    'レイストキット生産券一式',
    'レイストキット生産券一式',
    'http://members.mhf-z.jp/topic/payment/',
    'RESK'
  ), (
    865438535,
    -1,
    -1,
    -1,
    -1,
    -1,
    -1,
    1,
    0,
    0,
    18,
    NOW(),
    NOW() + INTERVAL '24 hours',
    'ドスパラPC特典ドスパライズ',
    'ドスパライズ',
    'http://www.mhf-ｚ.jp',
    'DP01'
  ), (
    209318162,
    300,
    999,
    -1,
    -1,
    -1,
    -1,
    2,
    0,
    0,
    12,
    NOW(),
    NOW() + INTERVAL '24 hours',
    'レア素材獲得クエスト[HR300]',
    'レア素材獲得クエスト[HR300]',
    'http://www.mhf-z.jp',
    'RAQ7'
  ), (
    427809564,
    -1,
    -1,
    -1,
    -1,
    -1,
    -1,
    1,
    1,
    1,
    12,
    NOW(),
    NOW() + INTERVAL '24 hours',
    '秘伝書コース',
    '秘伝書コース購入者プレゼント',
    'http://members.mhf-z.jp/topic/payment/',
    'HDNP'
  ), (
    769510612,
    -1,
    -1,
    -1,
    -1,
    -1,
    -1,
    1,
    1,
    1,
    12,
    NOW(),
    NOW() + INTERVAL '24 hours',
    'ブースターピアス第４弾',
    'ブースターピアス第４弾',
    'http://members.mhf-z.jp/topic/payment/',
    'BUP4'
  ), (
    632580403,
    -1,
    -1,
    -1,
    -1,
    -1,
    -1,
    1,
    1,
    1,
    12,
    NOW(),
    NOW() + INTERVAL '24 hours',
    'ブースターパック第14弾',
    'ブースターパック第14弾',
    'http://members.mhf-z.jp/topic/payment/',
    'BK14'
  ), (
    697509345,
    -1,
    -1,
    -1,
    -1,
    -1,
    -1,
    1,
    1,
    1,
    12,
    NOW(),
    NOW() + INTERVAL '24 hours',
    'ガイド娘のお助けパック第４弾',
    'ガイド娘のお助けパック第４弾',
    'http://members.mhf-z.jp/topic/payment/',
    'GG4L'
  ), (
    477754258,
    -1,
    -1,
    -1,
    -1,
    -1,
    -1,
    1,
    1,
    1,
    12,
    NOW(),
    NOW() + INTERVAL '24 hours',
    'シエナキット生産券一式',
    'シエナキット生産券一式',
    'http://members.mhf-z.jp/topic/payment/',
    'SENK'
  ), (
    982746827,
    11,
    999,
    -1,
    -1,
    -1,
    -1,
    1,
    0,
    0,
    12,
    NOW(),
    NOW() + INTERVAL '24 hours',
    '狩友紹介特典【HR11】',
    '狩友紹介特典【HR11】',
    'http://www.mhf-z.jp',
    'FRS2'
  ), (
    427809180,
    31,
    999,
    -1,
    -1,
    -1,
    -1,
    1,
    0,
    0,
    12,
    NOW(),
    NOW() + INTERVAL '24 hours',
    '狩友紹介特典【HR31】',
    '狩友紹介特典【HR31】',
    'http://www.mhf-z.jp',
    'FRS3'
  ), (
    326425369,
    51,
    999,
    -1,
    -1,
    -1,
    -1,
    1,
    0,
    0,
    12,
    NOW(),
    NOW() + INTERVAL '24 hours',
    '狩友紹介特典【HR51】',
    '狩友紹介特典【HR51】',
    'http://www.mhf-z.jp',
    'FRS4'
  ), (
    932646762,
    71,
    999,
    -1,
    -1,
    -1,
    -1,
    1,
    0,
    0,
    12,
    NOW(),
    NOW() + INTERVAL '24 hours',
    '狩友紹介特典【HR71】',
    '狩友紹介特典【HR71】',
    'http://www.mhf-z.jp',
    'FRS5'
  ), (
    664242887,
    100,
    999,
    -1,
    -1,
    -1,
    -1,
    1,
    0,
    0,
    12,
    NOW(),
    NOW() + INTERVAL '24 hours',
    '狩友紹介特典【HR100】',
    '狩友紹介特典【HR100】',
    'http://www.mhf-z.jp',
    'FRS6'
  ), (
    324377496,
    100,
    999,
    -1,
    -1,
    -1,
    -1,
    1,
    0,
    0,
    12,
    NOW(),
    NOW() + INTERVAL '24 hours',
    '狩友紹介特典【HR100・複数】',
    '狩友紹介特典【HR100・複数】',
    'http://www.mhf-z.jp',
    'FRS7'
  ), (
    488593646,
    -1,
    -1,
    -1,
    -1,
    -1,
    -1,
    1,
    0,
    0,
    12,
    NOW(),
    NOW() + INTERVAL '24 hours',
    '狩友紹介特典【紹介】',
    '狩友紹介特典【紹介】',
    'http://www.mhf-z.jp',
    'FRS1'
  ), (
    917579440,
    -1,
    -1,
    -1,
    -1,
    -1,
    -1,
    1,
    1,
    1,
    12,
    NOW(),
    NOW() + INTERVAL '24 hours',
    'ガイド娘のお助けパック第３弾',
    'ガイド娘のお助けパック第３弾',
    'http://members.mhf-z.jp/topic/payment/',
    'GG3L'
  ), (
    1032922465,
    -1,
    -1,
    -1,
    -1,
    -1,
    -1,
    1,
    1,
    1,
    12,
    NOW(),
    NOW() + INTERVAL '24 hours',
    'ブースターパック第13弾',
    'ブースターパック第13弾',
    'http://members.mhf-z.jp/topic/payment/',
    'BK13'
  ), (
    410775890,
    -1,
    -1,
    -1,
    -1,
    -1,
    -1,
    1,
    1,
    1,
    12,
    NOW(),
    NOW() + INTERVAL '24 hours',
    'ターボパック第６弾',
    'ターボパック第６弾',
    'http://members.mhf-z.jp/topic/payment/',
    'TPK6'
  ), (
    190027375,
    -1,
    -1,
    -1,
    -1,
    -1,
    -1,
    1,
    1,
    1,
    12,
    NOW(),
    NOW() + INTERVAL '24 hours',
    'ブースターピアス第３弾',
    'ブースターピアス第３弾',
    'http://members.mhf-z.jp/topic/payment/',
    'BUP3'
  ), (
    704499284,
    -1,
    -1,
    -1,
    -1,
    -1,
    -1,
    1,
    1,
    1,
    12,
    NOW(),
    NOW() + INTERVAL '24 hours',
    'カウチュキット生産券一式',
    'カウチュキット生産券一式',
    'http://members.mhf-z.jp/topic/payment/',
    'CULK'
  ), (
    749757837,
    -1,
    -1,
    -1,
    -1,
    -1,
    -1,
    1,
    0,
    0,
    12,
    NOW(),
    NOW() + INTERVAL '24 hours',
    'VISA引換券交換【30日】',
    'VISA引換券交換【30日】',
    'http://www.mhf-z.jp',
    'VT30'
  ), (
    41343673,
    -1,
    -1,
    -1,
    -1,
    -1,
    -1,
    1,
    0,
    0,
    12,
    NOW(),
    NOW() + INTERVAL '24 hours',
    'パッケージ引換券交換【30日】',
    'パッケージ引換券交換【30日】',
    'http://www.mhf-z.jp',
    'PT30'
  ), (
    664080362,
    -1,
    -1,
    -1,
    -1,
    -1,
    -1,
    1,
    0,
    0,
    12,
    NOW(),
    NOW() + INTERVAL '24 hours',
    'パッケージ引換券交換【60日】',
    'パッケージ引換券交換【60日】',
    'http://www.mhf-z.jp',
    'PT60'
  ), (
    582034480,
    -1,
    -1,
    -1,
    -1,
    -1,
    -1,
    1,
    0,
    0,
    12,
    NOW(),
    NOW() + INTERVAL '24 hours',
    'はじめての狩猟セット【紅】',
    'はじめての狩猟セット【紅】',
    'http://www.mhf-z.jp',
    'HSSD'
  ), (
    884238483,
    -1,
    -1,
    -1,
    -1,
    -1,
    -1,
    1,
    1,
    1,
    12,
    NOW(),
    NOW() + INTERVAL '24 hours',
    'ガイド娘のお助けパック第２弾',
    'ガイド娘のお助けパック第２弾',
    'http://members.mhf-z.jp/topic/payment/',
    'GG2L'
  ), (
    125278872,
    -1,
    -1,
    -1,
    -1,
    -1,
    -1,
    1,
    1,
    1,
    12,
    NOW(),
    NOW() + INTERVAL '24 hours',
    'ヴァンパイアキット生産券一式',
    'ヴァンパイアキット生産券一式',
    'http://members.mhf-z.jp/topic/payment/',
    'VAMK'
  ), (
    848792567,
    -1,
    -1,
    -1,
    -1,
    -1,
    -1,
    1,
    1,
    1,
    12,
    NOW(),
    NOW() + INTERVAL '24 hours',
    'トラスキット生産券一式',
    'トラスキット生産券一式',
    'http://members.mhf-z.jp/topic/payment/',
    'TRSK'
  ), (
    852600342,
    -1,
    -1,
    -1,
    -1,
    -1,
    -1,
    1,
    1,
    1,
    12,
    NOW(),
    NOW() + INTERVAL '24 hours',
    'ブースターピアス第２弾',
    'ブースターピアス第２弾',
    'http://members.mhf-z.jp/topic/payment/',
    'BUP2'
  ), (
    426931253,
    -1,
    -1,
    -1,
    -1,
    -1,
    -1,
    1,
    1,
    1,
    12,
    NOW(),
    NOW() + INTERVAL '24 hours',
    'ブースターパック第12弾',
    'ブースターパック第12弾',
    'http://members.mhf-z.jp/topic/payment/',
    'BK12'
  ), (
    582034992,
    -1,
    -1,
    -1,
    -1,
    -1,
    -1,
    1,
    0,
    0,
    12,
    NOW(),
    NOW() + INTERVAL '24 hours',
    '推奨PC特典マグネストーン',
    '推奨PC特典マグネストーン',
    'http://www.mhf-z.jp',
    'RPC1'
  ), (
    919708822,
    -1,
    -1,
    -1,
    -1,
    -1,
    -1,
    1,
    0,
    10,
    12,
    NOW(),
    NOW() + INTERVAL '24 hours',
    'プーギー服「レインボウな服」',
    'プーギー服「レインボウな服」',
    'http://members.mhf-z.jp/topic/payment/',
    'PG4A'
  ), (
    477885266,
    -1,
    -1,
    -1,
    -1,
    -1,
    -1,
    1,
    1,
    1,
    12,
    NOW(),
    NOW() + INTERVAL '24 hours',
    'ブースターパック第11弾',
    'ブースターパック第11弾',
    'http://members.mhf-z.jp/topic/payment/',
    'BK11'
  ), (
    1032922449,
    -1,
    -1,
    -1,
    -1,
    -1,
    -1,
    1,
    1,
    1,
    12,
    NOW(),
    NOW() + INTERVAL '24 hours',
    'マイストキット生産券一式',
    'マイストキット生産券一式',
    'http://members.mhf-z.jp/topic/payment/',
    'MAIK'
  ), (
    190027359,
    -1,
    -1,
    -1,
    -1,
    -1,
    -1,
    1,
    1,
    1,
    12,
    NOW(),
    NOW() + INTERVAL '24 hours',
    'ターボパック第５弾',
    'ターボパック第５弾',
    'http://members.mhf-z.jp/topic/payment/',
    'TPK5'
  ), (
    917578800,
    -1,
    -1,
    -1,
    -1,
    -1,
    -1,
    1,
    1,
    1,
    12,
    NOW(),
    NOW() + INTERVAL '24 hours',
    'ブースターピアス',
    'ブースターピアス',
    'http://members.mhf-z.jp/topic/payment/',
    'BUP1'
  ), (
    651273238,
    -1,
    -1,
    -1,
    -1,
    -1,
    -1,
    1,
    1,
    1,
    12,
    NOW(),
    NOW() + INTERVAL '24 hours',
    'ガイド娘のお助けパック',
    'ガイド娘のお助けパック',
    'http://members.mhf-z.jp/topic/payment/',
    'GGHL'
  ), (
    157276444,
    -1,
    -1,
    -1,
    -1,
    -1,
    -1,
    1,
    1,
    1,
    12,
    NOW(),
    NOW() + INTERVAL '24 hours',
    '蘭陀キット生産券一式',
    '蘭陀キット生産券一式',
    'http://members.mhf-z.jp/topic/payment/',
    'RANK'
  ), (
    664079850,
    -1,
    -1,
    -1,
    -1,
    -1,
    -1,
    1,
    1,
    1,
    12,
    NOW(),
    NOW() + INTERVAL '24 hours',
    'スキルカフP セット',
    'スキルカフP セット',
    'http://members.mhf-z.jp/topic/payment/',
    'SC2K'
  ), (
    490559854,
    -1,
    -1,
    -1,
    -1,
    -1,
    -1,
    1,
    1,
    1,
    12,
    NOW(),
    NOW() + INTERVAL '24 hours',
    'ブースターパック第10弾',
    'ブースターパック第10弾',
    'http://members.mhf-z.jp/topic/payment/',
    'BK10'
  ), (
    1066502091,
    -1,
    -1,
    -1,
    -1,
    -1,
    -1,
    1,
    1,
    1,
    12,
    NOW(),
    NOW() + INTERVAL '24 hours',
    'スパIVキット第２弾生産券一式',
    'スパIVキット第２弾生産券一式',
    'http://members.mhf-z.jp/topic/payment/',
    'SU2K'
  ), (
    766666125,
    -1,
    -1,
    -1,
    -1,
    -1,
    -1,
    1,
    0,
    10,
    12,
    NOW(),
    NOW() + INTERVAL '24 hours',
    'カシラの差し入れ',
    'カシラの差し入れ',
    'http://www.mhf-z.jp',
    'SASB'
  ), (
    917579312,
    -1,
    -1,
    -1,
    -1,
    -1,
    -1,
    1,
    0,
    10,
    12,
    NOW(),
    NOW() + INTERVAL '24 hours',
    '教官見習ネコの差し入れ',
    '教官見習ネコの差し入れ',
    'http://www.mhf-z.jp',
    'SASA'
  ), (
    58169496,
    -1,
    -1,
    -1,
    -1,
    -1,
    -1,
    2,
    0,
    0,
    12,
    NOW(),
    NOW() + INTERVAL '24 hours',
    'レア素材獲得クエスト[HR100]',
    'レア素材獲得クエスト[HR100]',
    'http://www.mhf-z.jp',
    'RAQ6'
  ), (
    57989801,
    -1,
    -1,
    -1,
    -1,
    -1,
    -1,
    2,
    0,
    0,
    12,
    NOW(),
    NOW() + INTERVAL '24 hours',
    'レア素材獲得クエスト[HR31]',
    'レア素材獲得クエスト[HR31]',
    'http://www.mhf-g.jp',
    'RAQ3'
  ), (
    865406314,
    -1,
    -1,
    -1,
    -1,
    -1,
    -1,
    2,
    0,
    0,
    12,
    NOW(),
    NOW() + INTERVAL '24 hours',
    'レア素材獲得クエスト[HR51]',
    'レア素材獲得クエスト[HR51]',
    'http://www.mhf-z.jp',
    'RAQ4'
  ), (
    848792551,
    -1,
    -1,
    -1,
    -1,
    -1,
    -1,
    2,
    0,
    0,
    12,
    NOW(),
    NOW() + INTERVAL '24 hours',
    'レア素材獲得クエスト[HR71]',
    'レア素材獲得クエスト[HR71]',
    'http://www.mhf-z.jp',
    'RAQ5'
  ), (
    865438711,
    -1,
    -1,
    -1,
    -1,
    -1,
    -1,
    1,
    1,
    1,
    12,
    NOW(),
    NOW() + INTERVAL '24 hours',
    'ターボパック第４弾',
    'ターボパック第４弾',
    'http://members.mhf-z.jp/topic/payment/',
    'TPK4'
  ), (
    596970858,
    -1,
    -1,
    -1,
    -1,
    -1,
    -1,
    1,
    1,
    1,
    12,
    NOW(),
    NOW() + INTERVAL '24 hours',
    'ブースターパック第９弾',
    'ブースターパック第９弾',
    'http://members.mhf-z.jp/topic/payment/',
    'BPK9'
  ), (
    57989769,
    -1,
    -1,
    -1,
    -1,
    -1,
    -1,
    1,
    1,
    1,
    12,
    NOW(),
    NOW() + INTERVAL '24 hours',
    'バーニーキット生産券一式',
    'バーニーキット生産券一式',
    'http://members.mhf-z.jp/topic/payment/',
    'BUKT'
  ), (
    884238467,
    -1,
    -1,
    -1,
    -1,
    -1,
    -1,
    1,
    0,
    10,
    12,
    NOW(),
    NOW() + INTERVAL '24 hours',
    'マイトレポイント10P',
    'マイトレポイント10P',
    'http://www.mhf-z.jp',
    'MYTP'
  ), (
    125278360,
    -1,
    -1,
    -1,
    -1,
    -1,
    -1,
    1,
    1,
    1,
    12,
    NOW(),
    NOW() + INTERVAL '24 hours',
    'スパIVキット生産券一式',
    'スパIVキット生産券一式',
    'http://members.mhf-z.jp/topic/payment/',
    'S4KT'
  ), (
    766666173,
    -1,
    -1,
    -1,
    -1,
    -1,
    -1,
    1,
    1,
    1,
    12,
    NOW(),
    NOW() + INTERVAL '24 hours',
    'ゴルトキット生産券一式',
    'ゴルトキット生産券一式',
    'http://members.mhf-z.jp/topic/payment/',
    'GLKT'
  ), (
    58169880,
    -1,
    -1,
    -1,
    -1,
    -1,
    -1,
    1,
    1,
    1,
    12,
    NOW(),
    NOW() + INTERVAL '24 hours',
    'ターボパックＮ第２弾',
    'ターボパックＮ第２弾',
    'http://members.mhf-z.jp/topic/payment/',
    'TPN2'
  ), (
    58120841,
    -1,
    -1,
    -1,
    -1,
    -1,
    -1,
    1,
    1,
    1,
    12,
    NOW(),
    NOW() + INTERVAL '24 hours',
    'ブースターパック第８弾',
    'ブースターパック第８弾',
    'http://members.mhf-z.jp/topic/payment/',
    'BPK8'
  ), (
    848661495,
    -1,
    -1,
    -1,
    -1,
    -1,
    -1,
    1,
    1,
    1,
    12,
    NOW(),
    NOW() + INTERVAL '24 hours',
    'リゲリアキット生産券一式',
    'リゲリアキット生産券一式',
    'http://members.mhf-z.jp/topic/payment/',
    'RGKT'
  ), (
    865406954,
    -1,
    -1,
    -1,
    -1,
    -1,
    -1,
    1,
    1,
    1,
    12,
    NOW(),
    NOW() + INTERVAL '24 hours',
    'クレールキット生産券一式',
    'クレールキット生産券一式',
    'http://members.mhf-z.jp/topic/payment/',
    'CLKT'
  ), (
    901015731,
    -1,
    -1,
    -1,
    -1,
    -1,
    -1,
    1,
    1,
    1,
    12,
    NOW(),
    NOW() + INTERVAL '24 hours',
    'シャランキット生産券一式',
    'シャランキット生産券一式',
    'http://members.mhf-z.jp/topic/payment/',
    'SAKT'
  ), (
    702533268,
    -1,
    -1,
    -1,
    -1,
    -1,
    -1,
    1,
    1,
    10,
    12,
    NOW(),
    NOW() + INTERVAL '24 hours',
    'プーギー服「アクラっぽい服」',
    'プーギー服「アクラっぽい服」',
    'http://members.mhf-z.jp/topic/payment/',
    'PG07'
  ), (
    584164886,
    -1,
    -1,
    -1,
    -1,
    -1,
    -1,
    1,
    0,
    10,
    12,
    NOW(),
    NOW() + INTERVAL '24 hours',
    'プーギー服「美味しそうな服」',
    'プーギー服「美味しそうな服」',
    'http://members.mhf-z.jp/topic/payment/',
    'PG13'
  ), (
    425712412,
    -1,
    -1,
    -1,
    -1,
    -1,
    -1,
    1,
    1,
    1,
    12,
    NOW(),
    NOW() + INTERVAL '24 hours',
    'ターボパック第３弾',
    'ターボパック第３弾',
    'http://members.mhf-z.jp/topic/payment/',
    'TPK3'
  ), (
    749888957,
    -1,
    -1,
    -1,
    -1,
    -1,
    -1,
    1,
    1,
    1,
    12,
    NOW(),
    NOW() + INTERVAL '24 hours',
    'きんねこぎんねこキット生産券一式',
    'きんねこぎんねこキット生産券一式',
    'http://members.mhf-z.jp/topic/payment/',
    'GSKT'
  ), (
    1066633211,
    -1,
    -1,
    -1,
    -1,
    -1,
    -1,
    1,
    1,
    1,
    12,
    NOW(),
    NOW() + INTERVAL '24 hours',
    'ブースターパック第７弾',
    'ブースターパック第７弾',
    'http://members.mhf-z.jp/topic/payment/',
    'BPK7'
  ), (
    702532628,
    -1,
    -1,
    -1,
    -1,
    -1,
    -1,
    1,
    1,
    1,
    12,
    NOW(),
    NOW() + INTERVAL '24 hours',
    'アリストキット生産券一式',
    'アリストキット生産券一式',
    'http://members.mhf-z.jp/topic/payment/',
    'ASKT'
  ), (
    764487025,
    -1,
    -1,
    -1,
    -1,
    -1,
    -1,
    1,
    1,
    1,
    12,
    NOW(),
    NOW() + INTERVAL '24 hours',
    'ブースターパック第６弾',
    'ブースターパック第６弾',
    'http://members.mhf-z.jp/topic/payment/',
    'BPK6'
  ), (
    714180459,
    -1,
    -1,
    -1,
    -1,
    -1,
    -1,
    1,
    1,
    1,
    12,
    NOW(),
    NOW() + INTERVAL '24 hours',
    'ブースターパック第５弾',
    'ブースターパック第５弾',
    'http://members.mhf-z.jp/topic/payment/',
    'BPK5'
  ), (
    492820700,
    -1,
    -1,
    -1,
    -1,
    -1,
    -1,
    1,
    1,
    1,
    12,
    NOW(),
    NOW() + INTERVAL '24 hours',
    'ターボパック第２弾',
    'ターボパック第２弾',
    'http://members.mhf-z.jp/topic/payment/',
    'TPK2'
  ), (
    225604741,
    -1,
    -1,
    -1,
    -1,
    -1,
    -1,
    1,
    1,
    1,
    12,
    NOW(),
    NOW() + INTERVAL '24 hours',
    'ターボパックＮ',
    'ターボパックＮ',
    'http://members.mhf-z.jp/topic/payment/',
    'TPN1'
  ), (
    865438551,
    -1,
    -1,
    -1,
    -1,
    -1,
    -1,
    1,
    1,
    1,
    12,
    NOW(),
    NOW() + INTERVAL '24 hours',
    'スキルカフPセット',
    'スキルカフPセット',
    'http://members.mhf-z.jp/topic/payment/',
    'SCP1'
  ), (
    391617368,
    -1,
    -1,
    -1,
    -1,
    -1,
    -1,
    1,
    1,
    1,
    12,
    NOW(),
    NOW() + INTERVAL '24 hours',
    'イメチェンサービス',
    'イメチェンサービス',
    'http://members.mhf-z.jp/topic/payment/',
    'IMCH'
  ), (
    309779081,
    -1,
    -1,
    -1,
    -1,
    -1,
    -1,
    1,
    1,
    1,
    12,
    NOW(),
    NOW() + INTERVAL '24 hours',
    'メレティキット生産券一式',
    'メレティキット生産券一式',
    'http://members.mhf-z.jp/topic/payment/',
    'MTKT'
  ), (
    649143728,
    -1,
    -1,
    -1,
    -1,
    -1,
    -1,
    1,
    1,
    1,
    12,
    NOW(),
    NOW() + INTERVAL '24 hours',
    'フェルムキット生産券一式',
    'フェルムキット生産券一式',
    'http://members.mhf-z.jp/topic/payment/',
    'FLKT'
  ), (
    123182040,
    -1,
    -1,
    -1,
    -1,
    -1,
    -1,
    1,
    1,
    1,
    12,
    NOW(),
    NOW() + INTERVAL '24 hours',
    'レアルキット生産券一式',
    'レアルキット生産券一式',
    'http://members.mhf-z.jp/topic/payment/',
    'RLKT'
  ), (
    766534669,
    -1,
    -1,
    -1,
    -1,
    -1,
    -1,
    1,
    1,
    1,
    12,
    NOW(),
    NOW() + INTERVAL '24 hours',
    'アルマキット生産券一式',
    'アルマキット生産券一式',
    'http://members.mhf-z.jp/topic/payment/',
    'APK1'
  ), (
    901015555,
    -1,
    -1,
    -1,
    -1,
    -1,
    -1,
    1,
    1,
    1,
    12,
    NOW(),
    NOW() + INTERVAL '24 hours',
    'イクスキット生産券一式',
    'イクスキット生産券一式',
    'http://members.mhf-z.jp/topic/payment/',
    'EXKT'
  ), (
    919708950,
    -1,
    -1,
    -1,
    -1,
    -1,
    -1,
    1,
    1,
    1,
    12,
    NOW(),
    NOW() + INTERVAL '24 hours',
    'リアンキット生産券一式',
    'リアンキット生産券一式',
    'http://members.mhf-z.jp/topic/payment/',
    'LEKT'
  ), (
    666307882,
    -1,
    -1,
    -1,
    -1,
    -1,
    -1,
    1,
    1,
    1,
    12,
    NOW(),
    NOW() + INTERVAL '24 hours',
    'マギサ／ウィザーキット生産券一式',
    'マギサ／ウィザーキット生産券一式',
    'http://members.mhf-z.jp/topic/payment/',
    'MGWZ'
  ), (
    766665773,
    -1,
    -1,
    -1,
    -1,
    -1,
    -1,
    1,
    1,
    1,
    12,
    NOW(),
    NOW() + INTERVAL '24 hours',
    '星祭／七夕キット生産券一式',
    '星祭／七夕キット生産券一式',
    'http://members.mhf-z.jp/topic/payment/',
    'HTKT'
  ), (
    582035248,
    -1,
    -1,
    -1,
    -1,
    -1,
    -1,
    1,
    1,
    1,
    12,
    NOW(),
    NOW() + INTERVAL '24 hours',
    'プロミスキット生産券一式',
    'プロミスキット生産券一式',
    'http://members.mhf-z.jp/topic/payment/',
    'PRMS'
  ), (
    173119487,
    -1,
    -1,
    -1,
    -1,
    -1,
    -1,
    1,
    1,
    1,
    12,
    NOW(),
    NOW() + INTERVAL '24 hours',
    'ホワイトメタルキット生産券一式',
    'ホワイトメタルキット生産券一式',
    'http://members.mhf-z.jp/topic/payment/',
    'WMTL'
  ), (
    766534701,
    -1,
    -1,
    -1,
    -1,
    -1,
    -1,
    1,
    1,
    1,
    12,
    NOW(),
    NOW() + INTERVAL '24 hours',
    'しろねこ服キット生産券一式',
    'しろねこ服キット生産券一式',
    'http://members.mhf-z.jp/topic/payment/',
    'SRNK'
  ), (
    747709777,
    -1,
    -1,
    -1,
    -1,
    -1,
    -1,
    1,
    1,
    1,
    12,
    NOW(),
    NOW() + INTERVAL '24 hours',
    'ターボパック第１弾',
    'ターボパック第１弾',
    'http://members.mhf-z.jp/topic/payment/',
    'TPK1'
  ), (
    189896703,
    -1,
    -1,
    -1,
    -1,
    -1,
    -1,
    1,
    1,
    1,
    12,
    NOW(),
    NOW() + INTERVAL '24 hours',
    'ブースターパック第４弾',
    'ブースターパック第４弾',
    'http://members.mhf-z.jp/topic/payment/',
    'BPK4'
  ), (
    848792439,
    -1,
    -1,
    -1,
    -1,
    -1,
    -1,
    1,
    1,
    1,
    12,
    NOW(),
    NOW() + INTERVAL '24 hours',
    'ブースターパック第３弾',
    'ブースターパック第３弾',
    'http://members.mhf-z.jp/topic/payment/',
    'BPK3'
  ), (
    970968596,
    -1,
    -1,
    -1,
    -1,
    -1,
    -1,
    1,
    1,
    1,
    12,
    NOW(),
    NOW() + INTERVAL '24 hours',
    'ブースターパック第２弾',
    'ブースターパック第２弾',
    'http://members.mhf-z.jp/topic/payment/',
    'BPK2'
  ), (
    425711708,
    -1,
    -1,
    -1,
    -1,
    -1,
    -1,
    1,
    1,
    1,
    12,
    NOW(),
    NOW() + INTERVAL '24 hours',
    'ブースターパック',
    'ブースターパック',
    'http://members.mhf-z.jp/topic/payment/',
    'BPAC'
  ), (
    867634602,
    -1,
    -1,
    -1,
    -1,
    -1,
    -1,
    1,
    1,
    1,
    12,
    NOW(),
    NOW() + INTERVAL '24 hours',
    'プーギー服「悪戯しそうな服」',
    'プーギー服「悪戯しそうな服」',
    'http://members.mhf-z.jp/topic/payment/',
    'PG11'
  ), (
    714180427,
    -1,
    -1,
    -1,
    -1,
    -1,
    -1,
    1,
    1,
    1,
    12,
    NOW(),
    NOW() + INTERVAL '24 hours',
    'プーギー服「ベルっぽい服」',
    'プーギー服「ベルっぽい服」',
    'http://members.mhf-z.jp/topic/payment/',
    'PG09'
  ), (
    309648009,
    -1,
    -1,
    -1,
    -1,
    -1,
    -1,
    1,
    1,
    1,
    12,
    NOW(),
    NOW() + INTERVAL '24 hours',
    'プーギー服「アスール風の服」',
    'プーギー服「アスール風の服」',
    'http://members.mhf-z.jp/topic/payment/',
    'PG06'
  ), (
    391616984,
    -1,
    -1,
    -1,
    -1,
    -1,
    -1,
    1,
    1,
    1,
    12,
    NOW(),
    NOW() + INTERVAL '24 hours',
    'プーギー服「エスピっぽい服」',
    'プーギー服「エスピっぽい服」',
    'http://members.mhf-z.jp/topic/payment/',
    'PG04'
  ), (
    208827525,
    -1,
    -1,
    -1,
    -1,
    -1,
    -1,
    1,
    1,
    1,
    12,
    NOW(),
    NOW() + INTERVAL '24 hours',
    'プーギー服「コムラダ風の服」',
    'プーギー服「コムラダ風の服」',
    'http://members.mhf-z.jp/topic/payment/',
    'PG05'
  ), (
    326556329,
    -1,
    -1,
    -1,
    -1,
    -1,
    -1,
    1,
    1,
    1,
    12,
    NOW(),
    NOW() + INTERVAL '24 hours',
    'プーギー服「ヒプっぽい服」',
    'プーギー服「ヒプっぽい服」',
    'http://members.mhf-z.jp/topic/payment/',
    'PG02'
  ), (
    934743978,
    -1,
    -1,
    -1,
    -1,
    -1,
    -1,
    1,
    1,
    1,
    12,
    NOW(),
    NOW() + INTERVAL '24 hours',
    'プーギー服「ヴォルっぽい服」',
    'プーギー服「ヴォルっぽい服」',
    'http://members.mhf-z.jp/topic/payment/',
    'PG03'
  ), (
    224385244,
    -1,
    -1,
    -1,
    -1,
    -1,
    -1,
    1,
    1,
    1,
    12,
    NOW(),
    NOW() + INTERVAL '24 hours',
    'プーギー服「野生的な服」',
    'プーギー服「野生的な服」',
    'http://members.mhf-z.jp/topic/payment/',
    'PG01'
  ), (
    884369427,
    -1,
    -1,
    -1,
    -1,
    -1,
    -1,
    1,
    0,
    10,
    41,
    NOW(),
    NOW() + INTERVAL '24 hours',
    'マイトレポイント30P',
    'マイトレポイント30P',
    'http://www.mhf-z.jp',
    'S3P2'
  ), (
    867634474,
    -1,
    -1,
    -1,
    -1,
    -1,
    -1,
    1,
    0,
    10,
    57,
    NOW(),
    NOW() + INTERVAL '24 hours',
    '便利アイテムセット【入門】',
    '便利アイテムセット【入門】',
    'http://www.mhf-z.jp',
    'BITM'
  ), (
    848792423,
    -1,
    -1,
    -1,
    -1,
    -1,
    -1,
    1,
    0,
    10,
    58,
    NOW(),
    NOW() + INTERVAL '24 hours',
    '便利アイテムセット【達人】',
    '便利アイテムセット【達人】',
    'http://www.mhf-z.jp',
    'EITM'
  ), (
    208696469,
    -1,
    -1,
    -1,
    -1,
    -1,
    -1,
    2,
    0,
    0,
    12,
    NOW(),
    NOW() + INTERVAL '24 hours',
    'VISAクエスト【ゴシック】',
    'VISA生産券獲得クエスト',
    'http://www.mhf-z.jp',
    'VC01'
  ), (
    584165270,
    -1,
    -1,
    -1,
    -1,
    -1,
    -1,
    2,
    0,
    0,
    12,
    NOW(),
    NOW() + INTERVAL '24 hours',
    'VISAクエスト【ゴシックＦ】',
    'VISA生産券獲得クエスト',
    'http://www.mhf-z.jp',
    'VC02'
  ), (
    901146643,
    -1,
    -1,
    -1,
    -1,
    -1,
    -1,
    2,
    0,
    0,
    12,
    NOW(),
    NOW() + INTERVAL '24 hours',
    'VISAクエスト【ベイル】',
    'VISA生産券獲得クエスト',
    'http://www.mhf-z.jp',
    'VC03'
  ), (
    492821212,
    -1,
    -1,
    -1,
    -1,
    -1,
    -1,
    1,
    0,
    0,
    12,
    NOW(),
    NOW() + INTERVAL '24 hours',
    'MHF VISAカード入会特典',
    'MHF VISAカード入会特典',
    'http://www.mhf-z.jp',
    'VG03'
  ), (
    901015571,
    -1,
    -1,
    -1,
    -1,
    -1,
    -1,
    2,
    0,
    0,
    12,
    NOW(),
    NOW() + INTERVAL '24 hours',
    'レア素材獲得クエスト[HR11]',
    'レア素材獲得クエスト[HR11]',
    'http://www.mhf-z.jp',
    'RAQ2'
  ), (
    1038077588,
    -1,
    -1,
    -1,
    -1,
    -1,
    -1,
    1,
    0,
    0,
    5,
    NOW(),
    NOW() + INTERVAL '24 hours',
    'ポルタチケット配布所',
    '換金用アイテム：ポルタチケット',
    'http://www.mhf-ｚ.jp',
    'PTC1'
  ), (
    190027775,
    -1,
    -1,
    -1,
    -1,
    -1,
    -1,
    1,
    0,
    0,
    44,
    NOW(),
    NOW() + INTERVAL '24 hours',
    'パタパタメラルー配布所',
    '家具：パタパタメラルー',
    'http://www.mhf-z.jp',
    'PATA'
  );

INSERT INTO
  public.campaign_categories (id, type, title, description)
VALUES
  (
    1,
    0,
    'イベント・キャンペーン',
    '各種~C04イベント~C00用のイベントコードや、各
種~C04キャンペーン~C00で入手できるイベントコ
ードを入力することができます。'
  ), (
    2,
    0,
    'パッケージ特典',
    '~C11プレミアムパッケージ~C00など、各種~C04パッ
ケージ~C00に付属されているイベントコード
を入力することができます。'
  ), (
    3,
    0,
    '関連グッズ付属特典',
    '攻略本やゲームパッドなど、各種~C04MHF関
連商品~C00に付属されているイベントコード
を入力することができます。'
  ), (
    5,
    0,
    'その他',
    '複数の手段で入手できるイベントコード
や不具合のアイテム補償用などのイベン
トコードを入力することができます。'
  ), (
    6,
    1,
    'プレミアムキット・オリジナル',
    'アイテム販売商品~C11プレミアムキットシ
リーズ【オリジナルキット】~C00のイベン
トコードを入力することができます。'
  ), (
    7,
    1,
    'プレミアムキット・パッケージ',
    'アイテム販売商品~C11プレミアムキットシ
リーズ【パッケージキット】~C00のイベン
トコードを入力することができます。'
  ), (
    8,
    1,
    'ブースターパック',
    'アイテム販売商品~C11ブースターパック~C00の
イベントコードを入力することができま
す。'
  ), (
    9,
    1,
    'ターボパック',
    'アイテム販売商品~C11ターボパック~C00のイベ
ントコードを入力することができます。'
  ), (
    10,
    1,
    'マイトレプーギー服',
    'アイテム販売商品やパッケージに付属し
ている~C11マイトレプーギー服~C00のイベント
コードを入力することができます。'
  ), (
    11,
    1,
    'その他の商品',
    'アイテム販売商品~C11スキルカフPセット~C00や
~C11イメチェンサービス~C00などのイベントコ
ードを入力することができます。'
  );

INSERT INTO
  public.campaign_category_links (campaign_id, category_id)
VALUES
  (921805910, 1),
  (142209682, 3),
  (488594222, 1),
  (488594222, 3),
  (649144304, 3),
  (421484974, 1),
  (730957531, 1),
  (865537514, 3),
  (488594158, 3),
  (699557165, 3),
  (766535101, 1),
  (766535101, 3),
  (919840278, 3),
  (919840278, 5),
  (747709809, 10),
  (257005183, 7),
  (649274608, 7),
  (680601073, 7),
  (142209810, 7),
  (140111954, 10),
  (225604757, 10),
  (970837204, 8),
  (647465687, 6),
  (615934211, 6),
  (477754130, 11),
  (477131813, 6),
  (919839894, 6),
  (410645266, 3),
  (769511124, 3),
  (697509361, 3),
  (1037946068, 6),
  (615803171, 6),
  (257005151, 6),
  (209318802, 6),
  (664111863, 7),
  (597101930, 7),
  (494917916, 7),
  (477262885, 11),
  (584295574, 8),
  (615934227, 6),
  (865438535, 3),
  (209318162, 1),
  (209318162, 5),
  (427809564, 11),
  (769510612, 8),
  (632580403, 8),
  (697509345, 11),
  (477754258, 6),
  (982746827, 1),
  (427809180, 1),
  (326425369, 1),
  (932646762, 1),
  (664242887, 1),
  (324377496, 1),
  (488593646, 1),
  (917579440, 11),
  (1032922465, 8),
  (410775890, 9),
  (190027375, 8),
  (704499284, 6),
  (749757837, 1),
  (749757837, 3),
  (41343673, 2),
  (664080362, 2),
  (582034480, 3),
  (884238483, 11),
  (125278872, 6),
  (848792567, 6),
  (852600342, 8),
  (426931253, 8),
  (582034992, 3),
  (919708822, 10),
  (477885266, 8),
  (1032922449, 6),
  (190027359, 9),
  (917578800, 8),
  (651273238, 11),
  (157276444, 6),
  (664079850, 11),
  (490559854, 8),
  (1066502091, 6),
  (766666125, 1),
  (766666125, 2),
  (766666125, 5),
  (766666125, 11),
  (917579312, 1),
  (917579312, 2),
  (917579312, 5),
  (917579312, 11),
  (58169496, 1),
  (58169496, 2),
  (58169496, 5),
  (57989801, 1),
  (57989801, 2),
  (57989801, 5),
  (865406314, 1),
  (865406314, 2),
  (865406314, 5),
  (848792551, 1),
  (848792551, 2),
  (848792551, 5),
  (865438711, 9),
  (596970858, 8),
  (57989769, 6),
  (884238467, 1),
  (884238467, 5),
  (884238467, 11),
  (125278360, 6),
  (766666173, 7),
  (58169880, 9),
  (58120841, 8),
  (848661495, 6),
  (865406954, 7),
  (901015731, 7),
  (702533268, 10),
  (584164886, 10),
  (425712412, 9),
  (749888957, 7),
  (1066633211, 8),
  (702532628, 6),
  (764487025, 8),
  (714180459, 8),
  (492820700, 9),
  (225604741, 9),
  (865438551, 11),
  (391617368, 11),
  (309779081, 6),
  (649143728, 6),
  (123182040, 6),
  (766534669, 6),
  (901015555, 7),
  (919708950, 7),
  (666307882, 6),
  (766665773, 7),
  (582035248, 7),
  (173119487, 7),
  (766534701, 7),
  (747709777, 9),
  (189896703, 8),
  (848792439, 8),
  (970968596, 8),
  (425711708, 8),
  (867634602, 10),
  (714180427, 10),
  (309648009, 10),
  (391616984, 10),
  (208827525, 10),
  (326556329, 10),
  (934743978, 10),
  (224385244, 10),
  (884369427, 1),
  (884369427, 2),
  (884369427, 5),
  (884369427, 11),
  (867634474, 5),
  (867634474, 11),
  (848792423, 5),
  (848792423, 11),
  (208696469, 1),
  (208696469, 3),
  (584165270, 1),
  (584165270, 3),
  (901146643, 1),
  (901146643, 3),
  (492821212, 1),
  (492821212, 3),
  (901015571, 1),
  (901015571, 2),
  (901015571, 5),
  (1038077588, 1),
  (1038077588, 5),
  (190027775, 1),
  (190027775, 5);

INSERT INTO
  public.campaign_rewards (
    campaign_id,
    item_type,
    quantity,
    item_id
  )
VALUES
  (
    142209682,
    9,
    0,
    40218
  ), (
    649144304,
    9,
    0,
    40201
  ), (
    488594158,
    9,
    0,
    40174
  ), (
    699557165,
    9,
    0,
    40173
  ), (
    410645266,
    9,
    0,
    40161
  ), (
    697509361,
    9,
    0,
    40143
  ), (
    769511124,
    9,
    0,
    40141
  ), (
    901146643,
    9,
    0,
    40081
  ), (
    584165270,
    9,
    0,
    40080
  ), (
    208696469,
    9,
    0,
    40079
  ), (
    492821212,
    7,
    110,
    1859
  ), (
    190027775,
    8,
    1,
    96
  );

END;